Study,Lymphoma,Subtype,ID,Gender,Gene,Transcript,Chr,Start,AA_change,Type,Hg,Variant_Classification
Grande et al.,BL,endemic_BL,BLGSP-71-06-00001,M,DDX3X,ENST00000399959,chrX,41345476,p.I415V,Missense,hg38,Missense_Mutation
Grande et al.,BL,endemic_BL,BLGSP-71-06-00004,M,DDX3X,ENST00000399959,chrX,41341618,p.X95_splice,Splicing,hg38,Splice_Site
Grande et al.,BL,endemic_BL,BLGSP-71-06-00012,M,DDX3X,ENST00000399959,chrX,41343758,p.F234C,Missense,hg38,Missense_Mutation
Grande et al.,BL,endemic_BL,BLGSP-71-06-00013,M,DDX3X,ENST00000399959,chrX,41343194,NA,Intron,hg38,Intron
Grande et al.,BL,endemic_BL,BLGSP-71-06-00019,F,DDX3X,ENST00000399959,chrX,41346515,p.R503K,Missense,hg38,Missense_Mutation
Grande et al.,BL,endemic_BL,BLGSP-71-06-00020,F,DDX3X,ENST00000399959,chrX,41346607,p.R534C,Missense,hg38,Missense_Mutation
Grande et al.,BL,endemic_BL,BLGSP-71-08-00022,M,DDX3X,ENST00000399959,chrX,41345179,p.X342_splice,Splicing,hg38,Splice_Site
Grande et al.,BL,endemic_BL,BLGSP-71-08-00023,F,DDX3X,ENST00000399959,chrX,41344043,p.Y260F,Missense,hg38,Missense_Mutation
Grande et al.,BL,endemic_BL,BLGSP-71-08-00023,F,DDX3X,ENST00000399959,chrX,41344099,p.A279P,Missense,hg38,Missense_Mutation
Grande et al.,BL,endemic_BL,BLGSP-71-08-00029,M,DDX3X,ENST00000399959,chrX,41345477,p.I415N,Missense,hg38,Missense_Mutation
Grande et al.,BL,endemic_BL,BLGSP-71-08-00030,M,DDX3X,ENST00000399959,chrX,41346607,p.R534C,Missense,hg38,Missense_Mutation
Grande et al.,BL,endemic_BL,BLGSP-71-08-00033,M,DDX3X,ENST00000399959,chrX,41346391,p.I494Nfs*24,Frameshift,hg38,Frame_Shift_Ins
Grande et al.,BL,endemic_BL,BLGSP-71-08-00034,M,DDX3X,ENST00000399959,chrX,41345223,p.F357V,Missense,hg38,Missense_Mutation
Grande et al.,BL,endemic_BL,BLGSP-71-08-00039,M,DDX3X,ENST00000399959,chrX,41339029,NA,Splicing,hg38,Splice_Region
Grande et al.,BL,endemic_BL,BLGSP-71-08-00039,M,DDX3X,ENST00000399959,chrX,41346247,p.L445S,Missense,hg38,Missense_Mutation
Grande et al.,BL,endemic_BL,BLGSP-71-08-00039,M,DDX3X,ENST00000399959,chrX,41339049,p.P41del,Deletion,hg38,In_Frame_Del
Grande et al.,BL,endemic_BL,BLGSP-71-08-00040,M,DDX3X,ENST00000399959,chrX,41342736,p.X148_splice,Splicing,hg38,Splice_Site
Grande et al.,BL,endemic_BL,BLGSP-71-08-00041,M,DDX3X,ENST00000399959,chrX,41343215,p.X182_splice,Splicing,hg38,Splice_Site
Grande et al.,BL,endemic_BL,BLGSP-71-08-00043,M,DDX3X,ENST00000399959,chrX,41346611,p.V535E,Missense,hg38,Missense_Mutation
Grande et al.,BL,endemic_BL,BLGSP-71-08-00048,F,DDX3X,ENST00000399959,chrX,41344339,p.A322D,Missense,hg38,Missense_Mutation
Grande et al.,BL,endemic_BL,BLGSP-71-08-00053,M,DDX3X,ENST00000399959,chrX,41334295,p.Q15*,Nonsense,hg38,Nonsense_Mutation
Grande et al.,BL,endemic_BL,BLGSP-71-08-00057,M,DDX3X,ENST00000399959,chrX,41346592,p.I529F,Missense,hg38,Missense_Mutation
Grande et al.,BL,endemic_BL,BLGSP-71-08-00059,F,DDX3X,ENST00000399959,chrX,41346336,p.R475C,Missense,hg38,Missense_Mutation
Grande et al.,BL,endemic_BL,BLGSP-71-06-00071,F,DDX3X,ENST00000399959,chrX,41344350,p.R326C,Missense,hg38,Missense_Mutation
Grande et al.,BL,endemic_BL,BLGSP-71-06-00075,M,DDX3X,ENST00000399959,chrX,41343194,NA,Intron,hg38,Intron
Grande et al.,BL,endemic_BL,BLGSP-71-06-00076,M,DDX3X,ENST00000399959,chrX,41344396,p.C341Y,Missense,hg38,Missense_Mutation
Grande et al.,BL,endemic_BL,BLGSP-71-06-00078,M,DDX3X,ENST00000399959,chrX,41347340,p.D601Lfs*5,Frameshift,hg38,Frame_Shift_Del
Grande et al.,BL,endemic_BL,BLGSP-71-06-00087,M,DDX3X,ENST00000399959,chrX,41342837,p.X181_splice,Splicing,hg38,Splice_Site
Grande et al.,BL,endemic_BL,BLGSP-71-06-00089,M,DDX3X,ENST00000399959,chrX,41346265,p.G453Kfs*13,Frameshift,hg38,Frame_Shift_Ins
Grande et al.,BL,endemic_BL,BLGSP-71-06-00094,F,DDX3X,ENST00000399959,chrX,41346864,p.A541T,Missense,hg38,Missense_Mutation
Grande et al.,BL,endemic_BL,BLGSP-71-06-00094,F,DDX3X,ENST00000399959,chrX,41346951,p.W570R,Missense,hg38,Missense_Mutation
Grande et al.,BL,endemic_BL,BLGSP-71-06-00095,F,DDX3X,ENST00000399959,chrX,41346327,p.H472Y,Missense,hg38,Missense_Mutation
Grande et al.,BL,endemic_BL,BLGSP-71-06-00098,M,DDX3X,ENST00000399959,chrX,41343348,p.T226P,Missense,hg38,Missense_Mutation
Grande et al.,BL,sporadic_BL,BLGSP-71-19-00111,M,DDX3X,ENST00000399959,chrX,41346295,p.L461S,Missense,hg38,Missense_Mutation
Grande et al.,BL,sporadic_BL,BLGSP-71-19-00118,M,DDX3X,ENST00000399959,chrX,41343278,p.P203Qfs*18,Frameshift,hg38,Frame_Shift_Del
Grande et al.,BL,sporadic_BL,BLGSP-71-19-00129,M,DDX3X,ENST00000399959,chrX,41342617,p.W136*,Nonsense,hg38,Nonsense_Mutation
Grande et al.,BL,sporadic_BL,BLGSP-71-19-00130,F,DDX3X,ENST00000399959,chrX,41346918,p.L559F,Missense,hg38,Missense_Mutation
Grande et al.,BL,sporadic_BL,BLGSP-71-19-00133,M,DDX3X,ENST00000399959,chrX,41344305,p.R311*,Nonsense,hg38,Nonsense_Mutation
Grande et al.,BL,endemic_BL,BLGSP-71-06-00142,M,DDX3X,ENST00000399959,chrX,41342552,p.S114R,Missense,hg38,Missense_Mutation
Grande et al.,BL,endemic_BL,BLGSP-71-06-00142,M,DDX3X,ENST00000399959,chrX,41342556,p.F116Lfs*105,Frameshift,hg38,Frame_Shift_Del
Grande et al.,BL,endemic_BL,BLGSP-71-06-00157,F,DDX3X,ENST00000399959,chrX,41346589,p.R528C,Missense,hg38,Missense_Mutation
Grande et al.,BL,endemic_BL,BLGSP-71-06-00158,F,DDX3X,ENST00000399959,chrX,41343824,p.X255_splice,Splicing,hg38,Splice_Site
Grande et al.,BL,endemic_BL,BLGSP-71-06-00158,F,DDX3X,ENST00000399959,chrX,41343828,NA,Splicing,hg38,Splice_Region
Grande et al.,BL,endemic_BL,BLGSP-71-06-00162,M,DDX3X,ENST00000399959,chrX,41344031,p.N257Mfs*16,Frameshift,hg38,Frame_Shift_Del
Grande et al.,BL,endemic_BL,BLGSP-71-06-00164,M,DDX3X,ENST00000399959,chrX,41342617,p.W136*,Nonsense,hg38,Nonsense_Mutation
Grande et al.,BL,endemic_BL,BLGSP-71-06-00172,M,DDX3X,ENST00000399959,chrX,41342736,p.X148_splice,Splicing,hg38,Splice_Site
Grande et al.,BL,endemic_BL,BLGSP-71-06-00180,M,DDX3X,ENST00000399959,chrX,41343321,p.D219Lfs*75,Frameshift,hg38,Frame_Shift_Del
Grande et al.,BL,endemic_BL,BLGSP-71-06-00190,F,DDX3X,ENST00000399959,chrX,41345223,p.F357V,Missense,hg38,Missense_Mutation
Grande et al.,BL,endemic_BL,BLGSP-71-08-00191,M,DDX3X,ENST00000399959,chrX,41334299,p.X15_splice,Splicing,hg38,Splice_Site
Grande et al.,BL,endemic_BL,BLGSP-71-08-00197,M,DDX3X,ENST00000399959,chrX,41343241,p.I190T,Missense,hg38,Missense_Mutation
Grande et al.,BL,endemic_BL,BLGSP-71-08-00197,M,DDX3X,ENST00000399959,chrX,41346611,p.V535E,Missense,hg38,Missense_Mutation
Grande et al.,BL,endemic_BL,BLGSP-71-08-00200,F,DDX3X,ENST00000399959,chrX,41345194,p.D347G,Missense,hg38,Missense_Mutation
Grande et al.,BL,endemic_BL,BLGSP-71-08-00205,M,DDX3X,ENST00000399959,chrX,41346508,p.A501T,Missense,hg38,Missense_Mutation
Grande et al.,BL,endemic_BL,BLGSP-71-08-00206,M,DDX3X,ENST00000399959,chrX,41344348,p.G325E,Missense,hg38,Missense_Mutation
Grande et al.,BL,endemic_BL,BLGSP-71-08-00210,M,DDX3X,ENST00000399959,chrX,41346580,p.Y525H,Missense,hg38,Missense_Mutation
Grande et al.,BL,endemic_BL,BLGSP-71-06-00251,M,DDX3X,ENST00000399959,chrX,41345197,p.E348G,Missense,hg38,Missense_Mutation
Grande et al.,BL,endemic_BL,BLGSP-71-06-00252,M,DDX3X,ENST00000399959,chrX,41345489,p.V419G,Missense,hg38,Missense_Mutation
Grande et al.,BL,endemic_BL,BLGSP-71-06-00253,M,DDX3X,ENST00000399959,chrX,41347638,p.X637_splice,Splicing,hg38,Splice_Site
Grande et al.,BL,endemic_BL,BLGSP-71-06-00254,M,DDX3X,ENST00000399959,chrX,41346376,p.R488L,Missense,hg38,Missense_Mutation
Grande et al.,BL,endemic_BL,BLGSP-71-06-00255,M,DDX3X,ENST00000399959,chrX,41343258,p.E196*,Nonsense,hg38,Nonsense_Mutation
Grande et al.,BL,endemic_BL,BLGSP-71-06-00277,M,DDX3X,ENST00000399959,chrX,41346584,p.V526E,Missense,hg38,Missense_Mutation
Grande et al.,BL,endemic_BL,BLGSP-71-06-00280,M,DDX3X,ENST00000399959,chrX,41343778,p.Q241*,Nonsense,hg38,Nonsense_Mutation
Grande et al.,BL,endemic_BL,BLGSP-71-06-00281,M,DDX3X,ENST00000399959,chrX,41346874,p.F544S,Missense,hg38,Missense_Mutation
Grande et al.,BL,endemic_BL,BLGSP-71-06-00283,M,DDX3X,ENST00000399959,chrX,41343194,NA,Intron,hg38,Intron
Grande et al.,BL,endemic_BL,BLGSP-71-06-00285,M,DDX3X,ENST00000399959,chrX,41346518,p.G504E,Missense,hg38,Missense_Mutation
Grande et al.,BL,sporadic_BL,BLGSP-71-22-00339,F,DDX3X,ENST00000399959,chrX,41346891,p.I550Kfs*4,Frameshift,hg38,Frame_Shift_Del
Grande et al.,BL,endemic_BL,BLGSP-71-06-00342,F,DDX3X,ENST00000399959,chrX,41346900,p.T553P,Missense,hg38,Missense_Mutation
Grande et al.,BL,sporadic_BL,BLGSP-71-22-00347,F,DDX3X,ENST00000399959,chrX,41344248,p.R292*,Nonsense,hg38,Nonsense_Mutation
Grande et al.,BL,endemic_BL,BLGSP-71-08-00508,F,DDX3X,ENST00000399959,chrX,41346946,p.P568L,Missense,hg38,Missense_Mutation
