Study,Lymphoma,Subtype,ID,Gender,Gene,Transcript,Chr,Start,AA_change,Type,Hg
Abate et al.,BL,endemic_BL,BL19,M,DDX3X,ENST00000399959,chrX,41203010,,,hg19
Abate et al.,BL,endemic_BL,BL27,M,DDX3X,ENST00000399959,chrX,41203010,,,hg19
Abate et al.,BL,endemic_BL,BL30,NA,DDX3X,ENST00000399959,chrX,41202524,,,hg19
Abate et al.,BL,endemic_BL,BL30,NA,DDX3X,ENST00000399959,chrX,41205509,,,hg19
Abate et al.,BL,endemic_BL,BL35,M,DDX3X,ENST00000399959,chrX,41205562,,,hg19
Abate et al.,BL,endemic_BL,BL35,M,DDX3X,ENST00000399959,chrX,41205578,,,hg19
Abate et al.,BL,endemic_BL,BL35,M,DDX3X,ENST00000399959,chrX,41205646,,,hg19
Abate et al.,BL,endemic_BL,BL35,M,DDX3X,ENST00000399959,chrX,41206262,,,hg19
Abate et al.,BL,endemic_BL,BL49,M,DDX3X,ENST00000399959,chrX,41205589,,,hg19
Abate et al.,BL,endemic_BL,BL60,M,DDX3X,ENST00000399959,chrX,41203332,,,hg19
Abate et al.,BL,endemic_BL,BL60,M,DDX3X,ENST00000399959,chrX,41203334,,,hg19
Abate et al.,BL,endemic_BL,BL62,M,DDX3X,ENST00000399959,chrX,41205661,,,hg19
Bouska et al.,BL,BL,mBL_15,NA,DDX3X,ENST00000399959,chrX,41205846,I529T,Missense,hg19
Bouska et al.,BL,BL,mBL_20,NA,DDX3X,ENST00000399959,chrX,41198338,NA,Splicing,hg19
Bouska et al.,BL,BL,mBL_23,NA,DDX3X,ENST00000399959,chrX,41202996,NA,Frameshift,hg19
Bouska et al.,BL,BL,mBL_27,NA,DDX3X,ENST00000399959,chrX,41205492,NA,Frameshift,hg19
Bouska et al.,BL,BL,mBL_30,NA,DDX3X,ENST00000399959,chrX,41193548,Q15X,Nonsense,hg19
Bouska et al.,BL,BL,mBL_31,NA,DDX3X,ENST00000399959,chrX,41202988,NA,Splicing,hg19
Bouska et al.,BL,BL,mBL_37,NA,DDX3X,ENST00000399959,chrX,41205515,T450I,Missense,hg19
Bouska et al.,BL,BL,mBL_48,NA,DDX3X,ENST00000399959,chrX,41198321,R46X,Nonsense,hg19
Bouska et al.,BL,BL,mBL_49,NA,DDX3X,ENST00000399959,chrX,41205628,R488C,Missense,hg19
Bouska et al.,BL,BL,mBL_50,NA,DDX3X,ENST00000399959,chrX,41202550,H209D,Missense,hg19
Bouska et al.,BL,DLBCL,mBL_53,NA,DDX3X,ENST00000399959,chrX,41204444,L346S,Missense,hg19
Bouska et al.,BL,BL,mBL_59,NA,DDX3X,ENST00000399959,chrX,41203558,R311X,Nonsense,hg19
Bouska et al.,BL,BL,mBL_65,NA,DDX3X,ENST00000399959,chrX,41200788,A68V,Missense,hg19
Bouska et al.,BL,BL,mBL_71,NA,DDX3X,ENST00000399959,chrX,41205843,R528H,Missense,hg19
Bouska et al.,BL,BL,mBL_72,NA,DDX3X,ENST00000399959,chrX,41205843,R528H,Missense,hg19
Bouska et al.,BL,BL,mBL_73,NA,DDX3X,ENST00000399959,chrX,41205858,G533A,Missense,hg19
Cucco et al.,DLBCL,MHG,RM0002,F,DDX3X,ENST00000399959,chrX,41345223,F357V,Missense,hg38
Cucco et al.,DLBCL,GCB,RM0017,M,DDX3X,ENST00000399959,chrX,41346527,I507S,Missense,hg38
Cucco et al.,DLBCL,GCB,RM0025,M,DDX3X,ENST00000399959,chrX,41346261,T450A,Missense,hg38
Cucco et al.,DLBCL,GCB,RM0060,M,DDX3X,ENST00000399959,chrX,41345188,V345G,Missense,hg38
Cucco et al.,DLBCL,MHG,RM0096,M,DDX3X,ENST00000399959,chrX,41346373,F487C,Missense,hg38
Cucco et al.,DLBCL,GCB,RM0114,M,DDX3X,ENST00000399959,chrX,41343744,G229fs,Frameshift,hg38
Cucco et al.,DLBCL,GCB,RM0147,M,DDX3X,ENST00000399959,chrX,41342655,NA,Splicing,hg38
Cucco et al.,DLBCL,GCB,RM0154,F,DDX3X,ENST00000399959,chrX,41347345,D601E,Missense,hg38
Cucco et al.,DLBCL,GCB,RM0168,M,DDX3X,ENST00000399959,chrX,41346518,G504V,Missense,hg38
Cucco et al.,DLBCL,MHG,RM0247,M,DDX3X,ENST00000399959,chrX,41344030,E256fs,Frameshift,hg38
Cucco et al.,DLBCL,MHG,RM0258,M,DDX3X,ENST00000399959,chrX,41343282,T204P,Missense,hg38
Cucco et al.,DLBCL,GCB,RM0260,F,DDX3X,ENST00000399959,chrX,41346864,A541T,Missense,hg38
Cucco et al.,DLBCL,MHG,RM0320,M,DDX3X,ENST00000399959,chrX,41346590,R528P,Missense,hg38
Cucco et al.,DLBCL,MHG,RM0344,F,DDX3X,ENST00000399959,chrX,41345433,Y400X,Frameshift,hg38
Cucco et al.,DLBCL,MHG,RM0344,F,DDX3X,ENST00000399959,chrX,41346408,A499P,Missense,hg38
Cucco et al.,DLBCL,ABC,RM0355,M,DDX3X,ENST00000399959,chrX,41334295,Q15X,Nonsense,hg38
Cucco et al.,DLBCL,GCB,RM0387,F,DDX3X,ENST00000399959,chrX,41334295,Q15X,Nonsense,hg38
Cucco et al.,DLBCL,MHG,RM0418,F,DDX3X,ENST00000399959,chrX,41346372,F487V,Missense,hg38
Cucco et al.,DLBCL,UNC,RM0468,M,DDX3X,ENST00000399959,chrX,41345403,NA,Splicing,hg38
Cucco et al.,DLBCL,GCB,RM0519,M,DDX3X,ENST00000399959,chrX,41341529,K66R,Missense,hg38
Cucco et al.,DLBCL,UNC,RM0528,F,DDX3X,ENST00000399959,chrX,41347003,R587H,Missense,hg38
Cucco et al.,DLBCL,GCB,RM0529,F,DDX3X,ENST00000399959,chrX,41346409,A499E,Missense,hg38
Cucco et al.,DLBCL,GCB,RM0529,F,DDX3X,ENST00000399959,chrX,41347008,K589E,Missense,hg38
Cucco et al.,DLBCL,ABC,RM0539,F,DDX3X,ENST00000399959,chrX,41342815,N174K,Missense,hg38
Cucco et al.,DLBCL,NA,DLBCL053,NA,DDX3X,ENST00000399960,chrX,41346352,R480K,Missense,hg38
Cucco et al.,DLBCL,NA,DLBCL058,NA,DDX3X,ENST00000399961,chrX,41346917,558_559del,Frameshift,hg38
Cucco et al.,DLBCL,NA,DLBCL104,NA,DDX3X,ENST00000399962,chrX,41346343,Q477P,Missense,hg38
Cucco et al.,DLBCL,NA,DLBCL117,M,DDX3X,ENST00000399963,chrX,41346361,A483G,Missense,hg38
Cucco et al.,DLBCL,NA,DLBCL126,F,DDX3X,ENST00000399964,chrX,41343295,K208T,Missense,hg38
Cucco et al.,DLBCL,NA,DLBCL130,M,DDX3X,ENST00000399965,chrX,41344062,Y266X,Nonsense,hg38
Cucco et al.,DLBCL,MHG,DLBCL139,M,DDX3X,ENST00000399966,chrX,41346336,R475C,Missense,hg38
Cucco et al.,DLBCL,MHG,DLBCL140,M,DDX3X,ENST00000399967,chrX,41345326,NA,Splicing,hg38
Cucco et al.,DLBCL,NA,DLBCL151,M,DDX3X,ENST00000399968,chrX,41347638,NA,Splicing,hg38
Cucco et al.,DLBCL,MHG,DLBCL173,F,DDX3X,ENST00000399969,chrX,41345257,D368V,Missense,hg38
Cucco et al.,DLBCL,MHG,L0036,M,DDX3X,ENST00000399970,chrX,41347717,X663G,Frameshift,hg38
Cucco et al.,DLBCL,UNC,L0264,M,DDX3X,ENST00000399971,chrX,41337467,NA,Splicing,hg38
Cucco et al.,DLBCL,MHG,L0296,M,DDX3X,ENST00000399972,chrX,41346309,Y466N,Missense,hg38
Cucco et al.,DLBCL,MHG,L0296,M,DDX3X,ENST00000399973,chrX,41346372,F487V,Missense,hg38
Cucco et al.,DLBCL,UNC,L0344,M,DDX3X,ENST00000399974,chrX,41346334,D474V,Missense,hg38
Cucco et al.,DLBCL,UNC,L0470,M,DDX3X,ENST00000399975,chrX,41345258,D368fs,Frameshift,hg38
Cucco et al.,DLBCL,GCB,L0492,F,DDX3X,ENST00000399976,chrX,41334260,H3P,Missense,hg38
Cucco et al.,DLBCL,ABC,L0505,M,DDX3X,ENST00000399977,chrX,41347350,R603Q,Missense,hg38
Cucco et al.,DLBCL,ABC,L0539,M,DDX3X,ENST00000399978,chrX,41345432,Y400C,Missense,hg38
Cucco et al.,DLBCL,UNC,L0546,M,DDX3X,ENST00000399979,chrX,41345272,K373fs,Frameshift,hg38
Cucco et al.,DLBCL,GCB,L0586,F,DDX3X,ENST00000399980,chrX,41346946,P568L,Missense,hg38
Gong et al.,BL,,D00728,M,DDX3X,ENST00000399959,chrX,41201905,Q148X,Nonsense,hg19
Gong et al.,BL,,D01304,F,DDX3X,ENST00000399959,chrX,41205764,A502T,Missense,hg19
Gong et al.,BL,,D01767,M,DDX3X,ENST00000399959,chrX,41206120,T542P,Missense,hg19
Gong et al.,BL,,D02161,M,DDX3X,ENST00000399959,chrX,41205867,G536A,Missense,hg19
Gong et al.,BL,,D02585,M,DDX3X,ENST00000399959,chrX,41206189,E566delE,Deletion,hg19
Gong et al.,BL,,D02928,M,DDX3X,ENST00000399959,chrX,41205631,S489P,Missense,hg19
Gong et al.,BL,,D03241,M,DDX3X,ENST00000399959,chrX,41204655,NA,Splicing,hg19
Gong et al.,BL,,D04049,M,DDX3X,ENST00000399959,chrX,41193506,M1V,Missense,hg19
Gong et al.,BL,,D04151,M,DDX3X,ENST00000399959,chrX,41205629,R488H,Missense,hg19
Gong et al.,BL,,D04730,M,DDX3X,ENST00000399959,chrX,41205842,R528C,Missense,hg19
Gong et al.,BL,,D05087,M,DDX3X,ENST00000399959,chrX,41205631,S489P,Missense,hg19
Gong et al.,BL,,D05311,M,DDX3X,ENST00000399959,chrX,41205589,R475C,Missense,hg19
Kaymaz et al.,BL,eBL,eBL_02,M,DDX3X,ENST00000399959,chrX,41204684,Y400D,Missense,hg19
Kaymaz et al.,BL,eBL,eBL_05,M,DDX3X,ENST00000399959,chrX,41205583,G473R,Missense,hg19
Kaymaz et al.,BL,eBL,eBL_08,M,DDX3X,ENST00000399959,chrX,41203604,R326H,Missense,hg19
Kaymaz et al.,BL,eBL,eBL_09,M,DDX3X,ENST00000399959,chrX,41205794,H512fs,Frameshift,hg19
Kaymaz et al.,BL,eBL,eBL_12,M,DDX3X,ENST00000399959,chrX,41205656,A497V,Missense,hg19
Kaymaz et al.,BL,eBL,eBL_13,F,DDX3X,ENST00000399959,chrX,41205625,F487L,Missense,hg19
Kaymaz et al.,BL,eBL,"eBL_18,sBL_25,sBL_28",M,DDX3X,ENST00000399959,chrX,41204503,E366X,Nonsense,hg19
Kaymaz et al.,BL,eBL,eBL_22,F,DDX3X,ENST00000399959,chrX,41205861,R534H,Missense,hg19
Kaymaz et al.,BL,eBL,eBL_23,M,DDX3X,ENST00000399959,chrX,41206900,Y639X,Nonsense,hg19
Kaymaz et al.,BL,eBL,eBL_26,F,DDX3X,ENST00000399959,chrX,41204476,F357V,Missense,hg19
Kaymaz et al.,BL,eBL,eBL_27,M,DDX3X,ENST00000399959,chrX,41205649,L495V,Missense,hg19
Kaymaz et al.,BL,eBL,sBL_01,M,DDX3X,ENST00000399959,chrX,41205514,T450A,Missense,hg19
Kaymaz et al.,BL,eBL,sBL_02,M,DDX3X,ENST00000399959,chrX,41203558,R311X,Nonsense,hg19
Kaymaz et al.,BL,eBL,sBL_04,M,DDX3X,ENST00000399959,chrX,41198301,P41X,Nonsense,hg19
Kaymaz et al.,BL,eBL,sBL_04,M?,DDX3X,ENST00000399959,chrX,41205846,I529S,Missense,hg19
Kaymaz et al.,BL,eBL,sBL_06,F,DDX3X,ENST00000399959,chrX,41202533,T204fs,Frameshift,hg19
Kaymaz et al.,BL,eBL,sBL_15,M,DDX3X,ENST00000399959,chrX,41205846,I529T,Missense,hg19
Kaymaz et al.,BL,eBL,sBL_16,F?,DDX3X,ENST00000399959,chrX,41205831,V526fs,Frameshift,hg19
Kaymaz et al.,BL,eBL,sBL_17,F,DDX3X,ENST00000399959,chrX,41205629,R488H,Missense,hg19
Kaymaz et al.,BL,eBL,sBL_20,M,DDX3X,ENST00000399959,chrX,41203538,A304fs,Frameshift,hg19
Kaymaz et al.,BL,eBL,sBL_20,M,DDX3X,ENST00000399959,chrX,41203542,D305E,Missense,hg19
Kaymaz et al.,BL,eBL,sBL_22,F,DDX3X,ENST00000399959,chrX,41205589,R475C,Missense,hg19
Kaymaz et al.,BL,eBL,sBL_26,F,DDX3X,ENST00000399959,chrX,41205570,C468X,Nonsense,hg19
Lacey et al.,DLBCL,,D00139,NA,DDX3X,ENST00000399963,chrX,41205668,NA,Splicing,hg19
Lacey et al.,DLBCL,,D00350,NA,DDX3X,ENST00000399982,chrX,41205581,H472R,Missense,hg19
Lacey et al.,DLBCL,,D00470,NA,DDX3X,ENST00000399983,chrX,41205629,R488H,Missense,hg19
Lacey et al.,DLBCL,,D00674,NA,DDX3X,ENST00000399964,chrX,41203315,Y266X,Nonsense,hg19
Lacey et al.,DLBCL,,D00999,NA,DDX3X,ENST00000399997,chrX,41205593,S476F,Missense,hg19
Lacey et al.,DLBCL,,D01054,NA,DDX3X,ENST00000399998,chrX,41203553,Q309R,Missense,hg19
Lacey et al.,DLBCL,,D01143,NA,DDX3X,ENST00000399961,chrX,41203346,E277K,Missense,hg19
Lacey et al.,DLBCL,,D01335,NA,DDX3X,ENST00000399974,chrX,41206199,P568L,Missense,hg19
Lacey et al.,DLBCL,,D01365,NA,DDX3X,ENST00000399975,chrX,41205589,R475C,Missense,hg19
Lacey et al.,DLBCL,,D01533,NA,DDX3X,ENST00000399976,chrX,41205842,R528C,Missense,hg19
Lacey et al.,DLBCL,,D01925,NA,DDX3X,ENST00000399984,chrX,41204684,Y400D,Missense,hg19
Lacey et al.,DLBCL,,D01943,NA,DDX3X,ENST00000399977,chrX,41205854,T532A,Missense,hg19
Lacey et al.,DLBCL,,D02128,NA,DDX3X,ENST00000399999,chrX,41205837,V526A,Missense,hg19
Lacey et al.,DLBCL,,D02262,NA,DDX3X,ENST00000399978,chrX,41206199,P568L,Missense,hg19
Lacey et al.,DLBCL,,D02293,NA,DDX3X,ENST00000399965,chrX,41202090,NA,Splicing,hg19
Lacey et al.,DLBCL,,D02573,NA,DDX3X,ENST00000399966,chrX,41204656,NA,Splicing,hg19
Lacey et al.,DLBCL,,D02618,NA,DDX3X,ENST00000399967,chrX,41204579,NA,Splicing,hg19
Lacey et al.,DLBCL,,D02868,NA,DDX3X,ENST00000399985,chrX,41203499,Y291C,Missense,hg19
Lacey et al.,DLBCL,,D02896,NA,DDX3X,ENST00000399986,chrX,41205625,F487V,Missense,hg19
Lacey et al.,DLBCL,,D02941,NA,DDX3X,ENST00000399962,chrX,41205581,H472R,Missense,hg19
Lacey et al.,DLBCL,,D03084,NA,DDX3X,ENST00000399987,chrX,41205509,V448G,Missense,hg19
Lacey et al.,DLBCL,,D03098,NA,DDX3X,ENST00000400000,chrX,41205759,V500G,Missense,hg19
Lacey et al.,DLBCL,,D03217,NA,DDX3X,ENST00000399968,chrX,41205650,L495X,Nonsense,hg19
Lacey et al.,DLBCL,,D03298,NA,DDX3X,ENST00000399969,chrX,41196720,NA,Splicing,hg19
Lacey et al.,DLBCL,,D03514,NA,DDX3X,ENST00000399988,chrX,41203345,R276S,Missense,hg19
Lacey et al.,DLBCL,,D03718,NA,DDX3X,ENST00000399989,chrX,41205613,A483T,Missense,hg19
Lacey et al.,DLBCL,,D03989,NA,DDX3X,ENST00000399979,chrX,41205589,R475C,Missense,hg19
Lacey et al.,DLBCL,,D04171,NA,DDX3X,ENST00000399970,chrX,41204511,T369fs,Frameshift,hg19
Lacey et al.,DLBCL,,D04314,NA,DDX3X,ENST00000399971,chrX,41204525,V375fs,Frameshift,hg19
Lacey et al.,DLBCL,,D04647,NA,DDX3X,ENST00000400001,chrX,41204440,V345M,Missense,hg19
Lacey et al.,DLBCL,,D04714,NA,DDX3X,ENST00000400002,chrX,41205587,D474V,Missense,hg19
Lacey et al.,DLBCL,,D04717,NA,DDX3X,ENST00000399980,chrX,41205842,R528S,Missense,hg19
Lacey et al.,DLBCL,,D04733,NA,DDX3X,ENST00000399990,chrX,41205625,F487V,Missense,hg19
Lacey et al.,DLBCL,,D04749,NA,DDX3X,ENST00000399991,chrX,41204685,Y400C,Missense,hg19
Lacey et al.,DLBCL,,D04815,NA,DDX3X,ENST00000399992,chrX,41205628,R488C,Missense,hg19
Lacey et al.,DLBCL,,D04861,NA,DDX3X,ENST00000399972,chrX,41206205,W570X,Nonsense,hg19
Lacey et al.,DLBCL,,D05037,NA,DDX3X,ENST00000399981,chrX,41205854,T532A,Missense,hg19
Lacey et al.,DLBCL,,D05046,NA,DDX3X,ENST00000400003,chrX,41204512,T369S,Missense,hg19
Lacey et al.,DLBCL,,D05120,NA,DDX3X,ENST00000399960,chrX,41205843,R528H,Missense,hg19
Lacey et al.,DLBCL,,D05163,NA,DDX3X,ENST00000399973,chrX,41193548,Q15X,Nonsense,hg19
Lacey et al.,DLBCL,,D05262,NA,DDX3X,ENST00000400004,chrX,41205839,H527N,Missense,hg19
Lacey et al.,DLBCL,,D05307,NA,DDX3X,ENST00000399993,chrX,41203505,S293Y,Missense,hg19
Lacey et al.,DLBCL,,D05332,NA,DDX3X,ENST00000399994,chrX,41205582,H472Q,Missense,hg19
Lacey et al.,DLBCL,,D05419,NA,DDX3X,ENST00000399995,chrX,41203025,L239M,Missense,hg19
Lacey et al.,DLBCL,,D05494,NA,DDX3X,ENST00000400005,chrX,41205833,Y525H,Missense,hg19
Lacey et al.,DLBCL,,D05565,NA,DDX3X,ENST00000399996,chrX,41205614,A483G,Missense,hg19
Lopez et al.,BL,solid_BL,4146289,M,DDX3X,ENST00000399959,chrX,41205564,A467fs,Frameshift,hg19
Lopez et al.,BL,solid_BL,4177856,M,DDX3X,ENST00000399959,chrX,41205794,512_512del,Frameshift,hg19
Lopez et al.,BL,solid_BL,4182393,M,DDX3X,ENST00000399959,chrX,41205590,R475H,Missense,hg19
Lopez et al.,BL,solid_BL,4189998,M,DDX3X,ENST00000399959,chrX,41196720,NA,Splicing,hg19
Lopez et al.,BL,solid_BL,4190495,M,DDX3X,ENST00000399959,chrX,41203383,NA,Splicing,hg19
Reddy et al.,DLBCL,Unclassified,2141,M,DDX3X,ENST00000399959,chrX,41205628,R488C,Missense,hg19
Reddy et al.,DLBCL,GCB,2229,F,DDX3X,ENST00000399959,chrX,41205767,R503G,Missense,hg19
Reddy et al.,DLBCL,ABC,2255,F,DDX3X,ENST00000399959,chrX,41205860,R534C,Missense,hg19
Reddy et al.,DLBCL,NA,2466,M,DDX3X,ENST00000399959,chrX,41205640,S492G,Missense,hg19
Reddy et al.,DLBCL,NA,2543,F,DDX3X,ENST00000399959,chrX,41202557,I211T,Missense,hg19
Reddy et al.,DLBCL,NA,2551,NA,DDX3X,ENST00000399959,chrX,41205861,R534H,Missense,hg19
Reddy et al.,DLBCL,ABC,2565,F,DDX3X,ENST00000399959,chrX,41205833,Y525H,Missense,hg19
Reddy et al.,DLBCL,GCB,2669,F,DDX3X,ENST00000399959,chrX,41206603,R603Q,Missense,hg19
Reddy et al.,DLBCL,GCB,2783,M,DDX3X,ENST00000399959,chrX,41204730,I415T,Missense,hg19
Reddy et al.,DLBCL,Unclassified,2790,M,DDX3X,ENST00000399959,chrX,41204501,V365D,Missense,hg19
Reddy et al.,DLBCL,GCB,2820,F,DDX3X,ENST00000399959,chrX,41203316,P267S,Missense,hg19
Reddy et al.,DLBCL,NA,2836,M,DDX3X,ENST00000399959,chrX,41203305,R263H,Missense,hg19
Reddy et al.,DLBCL,GCB,2837,M,DDX3X,ENST00000399959,chrX,41206603,R603Q,Missense,hg19
Reddy et al.,DLBCL,GCB,3385,F,DDX3X,ENST00000399959,chrX,41206632,F613L,Missense,hg19
Reddy et al.,DLBCL,ABC,3446,M,DDX3X,ENST00000399959,chrX,41200788,A68V,Missense,hg19
Reddy et al.,DLBCL,GCB,3453,M,DDX3X,ENST00000399959,chrX,41202524,Y200C,Missense,hg19
Reddy et al.,DLBCL,ABC,"3,467",M,DDX3X,ENST00000399959,chrX,41198321,R46X,Nonsense,hg19
Reddy et al.,DLBCL,GCB,3586,F,DDX3X,ENST00000399959,chrX,41205861,R534H,Missense,hg19
Reddy et al.,DLBCL,ABC,3617,M,DDX3X,ENST00000399959,chrX,41205861,R534H,Missense,hg19
Reddy et al.,DLBCL,GCB,3669,M,DDX3X,ENST00000399959,chrX,41205843,R528H,Missense,hg19
Reddy et al.,DLBCL,Unclassified,3673,M,DDX3X,ENST00000399959,chrX,41202018,I158V,Missense,hg19
Reddy et al.,DLBCL,ABC,3684,F,DDX3X,ENST00000399959,chrX,41204457,D350E,Missense,hg19
Reddy et al.,DLBCL,NA,3698,M,DDX3X,ENST00000399959,chrX,41198321,R46X,Nonsense,hg19
Reddy et al.,DLBCL,GCB,3745,M,DDX3X,ENST00000399959,chrX,41205661,A499T,Missense,hg19
Reddy et al.,DLBCL,NA,3939,F,DDX3X,ENST00000399959,chrX,41204456,D350G,Missense,hg19
Reddy et al.,DLBCL,GCB,3941,M,DDX3X,ENST00000399959,chrX,41203014,L235P,Missense,hg19
Reddy et al.,DLBCL,GCB,3956,M,DDX3X,ENST00000399959,chrX,41202506,N194S,Missense,hg19
Reddy et al.,DLBCL,NA,2161;2141,M,DDX3X,ENST00000399959,chrX,41205628,R488C,Missense,hg19
Reddy et al.,DLBCL,GCB,3727;2781,F,DDX3X,ENST00000399959,chrX,41205625,F487L,Missense,hg19
Reddy et al.,DLBCL,GCB,3896;3885,M,DDX3X,ENST00000399959,chrX,41203577,C317Y,Missense,hg19
Reddy et al.,DLBCL,NA,3896;3885,M,DDX3X,ENST00000399959,chrX,41203577,C317Y,Missense,hg19
Schmitz et al.,DLBCL,GCB,25427,NA,DDX3X,ENST00000399959,chrX,41206603,R603Q,Missense,hg19
Schmitz et al.,DLBCL,GCB,25427,NA,DDX3X,ENST00000399959,chrX,41206603,R603Q,Missense,hg19
Schmitz et al.,DLBCL,GCB,211828,NA,DDX3X,ENST00000399959,chrX,41205491,S442X,Nonsense,hg19
Schmitz et al.,DLBCL,GCB,211829,NA,DDX3X,ENST00000399959,chrX,41205500,L445X,Frameshift,hg19
Schmitz et al.,DLBCL,Unclassified,444350,NA,DDX3X,ENST00000399959,chrX,41205860,R534C,Missense,hg19
Schmitz et al.,DLBCL,GCB,1849121,NA,DDX3X,ENST00000399959,chrX,41202471,F182L,Missense,hg19
Schmitz et al.,DLBCL,GCB,2109664,NA,DDX3X,ENST00000399959,chrX,41204473,G356R,Missense,hg19
Schmitz et al.,DLBCL,ABC,3077141,NA,DDX3X,ENST00000399959,chrX,41201875,K138E,Missense,hg19
Schmitz et al.,DLBCL,GCB,3087414,NA,DDX3X,ENST00000399959,chrX,41202469,F182V,Missense,hg19
Schmitz et al.,DLBCL,GCB,3154979,NA,DDX3X,ENST00000399959,chrX,41202538,P205A,Missense,hg19
Schmitz et al.,DLBCL,GCB,4426731,NA,DDX3X,ENST00000399959,chrX,41198301,P41del,Deletion,hg19
Schmitz et al.,DLBCL,GCB,4483915,NA,DDX3X,ENST00000399959,chrX,41205625,F487L,Missense,hg19
Schmitz et al.,DLBCL,GCB,6494708,NA,DDX3X,ENST00000399959,chrX,41205589,R475C,Missense,hg19
Schmitz et al.,DLBCL,ABC,44048763,NA,DDX3X,ENST00000399959,chrX,41203344,R276T,Missense,hg19
Schmitz et al.,DLBCL,Unclassified,58887704,NA,DDX3X,ENST00000399959,chrX,41201899,L146V,Missense,hg19
Schmitz et al.,DLBCL,ABC,59193909,NA,DDX3X,ENST00000399959,chrX,41201872,S137P,Missense,hg19
Schmitz et al.,DLBCL,Unclassified,65292111,NA,DDX3X,ENST00000399959,chrX,41204444,D347fs,Frameshift,hg19
Schmitz et al.,DLBCL,Unclassified,65389510,NA,DDX3X,ENST00000399959,chrX,41206207,L571V,Missense,hg19
Schmitz et al.,DLBCL,Unclassified,65389511,NA,DDX3X,ENST00000399959,chrX,41206232,H579R,Missense,hg19
Schmitz et al.,DLBCL,Unclassified,65389760,NA,DDX3X,ENST00000399959,chrX,41206208,L571fs,Frameshift,hg19
Schmitz et al.,DLBCL,Unclassified,66287811,NA,DDX3X,ENST00000399959,chrX,41204533,R376C,Missense,hg19
Schmitz et al.,DLBCL,Unclassified,66411896,NA,DDX3X,ENST00000399959,chrX,41204783,D433N,Missense,hg19
Schmitz et al.,DLBCL,Unclassified,66417309,NA,DDX3X,ENST00000399959,chrX,41202585,L220F,Missense,hg19
Schmitz et al.,DLBCL,GCB,67672160,NA,DDX3X,ENST00000399959,chrX,41206597,D601A,Missense,hg19
Schmitz et al.,DLBCL,GCB,67679358,NA,DDX3X,ENST00000399959,chrX,41205635,S492fs,Frameshift,hg19
Schmitz et al.,DLBCL,GCB,75178463,NA,DDX3X,ENST00000399959,chrX,41205625,F487I,Missense,hg19
Schmitz et al.,DLBCL,GCB,76646526,NA,DDX3X,ENST00000399959,chrX,41205632,S489X,Nonsense,hg19
Schmitz et al.,DLBCL,GCB,82632037,NA,DDX3X,ENST00000399959,chrX,41204802,Splice,Nonsense,hg19
Schmitz et al.,BL,cell_line,BL2,NA,DDX3X,ENST00000399959,chrX,41205625,F487L,Missense,hg19
Schmitz et al.,BL,cell_line,BL30,NA,DDX3X,ENST00000399959,chrX,41203314,Y250fs,Frameshift,hg19
Schmitz et al.,BL,cell_line,BL70,NA,DDX3X,ENST00000399959,chrX,41204436,Y343X,Nonsense,hg19
Schmitz et al.,BL,cell_line,Gumbus,NA,DDX3X,ENST00000399959,chrX,41205842,R528C,Missense,hg19
Schmitz et al.,BL,sporadic_BL,SLN2386,NA,DDX3X,ENST00000399959,chrX,41205514,T450A,Missense,hg19
Schmitz et al.,BL,sporadic_BL,SLN2389,NA,DDX3X,ENST00000399959,chrX,41203558,R311X,Nonsense,hg19
Schmitz et al.,BL,sporadic_BL,SLN2443,NA,DDX3X,ENST00000399959,chrX,41205846,I529T,Missense,hg19
Schmitz et al.,BL,sporadic_BL,SLN2521,NA,DDX3X,ENST00000399959,chrX,41205629,R488H,Missense,hg19
Schmitz et al.,BL,sporadic_BL,SLN2531,NA,DDX3X,ENST00000399959,chrX,41205589,R475C,Missense,hg19
Schmitz et al.,BL,sporadic_BL,SLN2538,NA,DDX3X,ENST00000399959,chrX,41205570,C468X,Nonsense,hg19
Zhou et al.,BL,BL,,M,DDX3X,ENST00000399959,chrX,41205834,Y525C,Missense,hg19
Zhou et al.,BL,BL,,M,DDX3X,ENST00000399959,chrX,41205625,F487L,Missense,hg19
Zhou et al.,BL,BL,,M,DDX3X,ENST00000399959,chrX,41202535,T204A,Missense,hg19
Zhou et al.,BL,BL,,M,DDX3X,ENST00000399959,chrX,41203558,R311X,Nonsense,hg19
Zhou et al.,BL,BL,,M,DDX3X,ENST00000399959,chrX,41204772,S429X,Nonsense,hg19
Zhou et al.,BL,BL,,M,DDX3X,ENST00000399959,chrX,41205580,H472Y,Missense,hg19
Zhou et al.,BL,BL,,M,DDX3X,ENST00000399959,chrX,41205625,F487L,Missense,hg19
Zhou et al.,BL,BL,,NA,DDX3X,ENST00000399959,chrX,41204506,Q367X,Nonsense,hg19
Zhou et al.,BL,BL,,F,DDX3X,ENST00000399959,chrX,41202996,G229E,Missense,hg19
Zhou et al.,BL,BL,,M,DDX3X,ENST00000399959,chrX,41204742,V419G,Missense,hg19
Zhou et al.,BL,BL,,M,DDX3X,ENST00000399959,chrX,41205590,R475H,Missense,hg19
Zhou et al.,BL,BL,,M,DDX3X,ENST00000399959,chrX,41205640,S492G,Missense,hg19
Zhou et al.,BL,BL,,M,DDX3X,ENST00000399959,chrX,41203501,R292X,Nonsense,hg19
Zhou et al.,BL,BL,,M,DDX3X,ENST00000399959,chrX,41198299,Y38X,Nonsense,hg19
Zhou et al.,BL,BL,,M,DDX3X,ENST00000399959,chrX,41204503,E366X,Nonsense,hg19