Source,Sample_ID,Primary_tissue,Chromosome,Chromosome_start,Chromosome_End,AA_Mutation,CDS_Mutation,Consequence_init,Consequence
COSMIC,2658569,Large intestine,X,41334255,41334255,M1I,c.3G>T,Unknown,Missense
COSMIC,2777902,Upper aerodigestive tract,X,41334255,41334255,M1I,c.3G>C,Unknown,Missense
COSMIC,2479247,Haematopoietic and lymphoid,X,41334256,41334256,S2R,c.4A>C,Unknown,Missense
COSMIC,2297698,Upper aerodigestive tract,X,41334272,41334272,N8fs*12,c.20delA,Unknown,Frameshift
COSMIC,2635090,Thyroid,X,41337409,41337409,F16S,c.47T>C,Unknown,Missense
COSMIC,2745039,Thyroid,X,41337409,41337409,F16S,c.47T>C,Unknown,Missense
COSMIC,1797202,Prostate,X,41337412,41337412,A17G,c.50C>G,Unknown,Missense
COSMIC,2776212,Haematopoietic and lymphoid,X,41337422,41337429,L21fs*3,c.60_67delCCTGAACT,Unknown,Frameshift
COSMIC,2339203,Urinary tract,X,41337425,41337425,L21L,c.63G>A,Unknown,Missense
COSMIC,2640117,Upper aerodigestive tract,X,41337430,41337430,S23C,c.68C>G,Unknown,Missense
COSMIC,2385835,Urinary tract,X,41337430,41337430,S23F,c.68C>T,Unknown,Missense
COSMIC,1897463,Haematopoietic and lymphoid,X,41337433,41337433,S24*,c.71C>A,Unknown,Nonsense
COSMIC,2121692,Skin,X,41337433,41337433,S24*,c.71C>A,Unknown,Nonsense
COSMIC,2194706,Liver,X,41337433,41337433,S24*,c.71C>A,Unknown,Nonsense
COSMIC,1780131,Lung,X,41337435,41337435,D25N,c.73G>A,Unknown,Missense
COSMIC,2187785,Breast,X,41337443,41337443,Q27H,c.81G>C,Unknown,Missense
COSMIC,2542850,Haematopoietic and lymphoid,X,41337450,41337450,G30*,c.88G>T,Unknown,Nonsense
COSMIC,2671647,Pleura,X,41337466,41337467,?,c.103+1_103+2insT,Unknown,Unclassified
COSMIC,1819102,Haematopoietic and lymphoid,X,41337467,41337467,?,c.103+2T>C,Unknown,Unclassified
COSMIC,2456980,Oesophagus,X,41339026,41339027,?,c.104-10_104-9insT,Unknown,Unclassified
COSMIC,2658312,Large intestine,X,41339027,41339027,?,c.104-9delT,Unknown,Unclassified
COSMIC,2196284,Ovary,X,41339028,41339028,?,c.104-8T>A,Unknown,Unclassified
COSMIC,2746111,Large intestine,X,41339028,41339028,?,c.104-8T>A,Unknown,Unclassified
COSMIC,2301996,Large intestine,X,41339041,41339041,R37C,c.109C>T,Unknown,Missense
COSMIC,2671654,Pleura,X,41339041,41339041,R37C,c.109C>T,Unknown,Missense
COSMIC,2479642,Oesophagus,X,41339045,41339045,Y38C,c.113A>G,Unknown,Missense
COSMIC,2635108,Thyroid,X,41339045,41339045,Y38F,c.113A>T,Unknown,Missense
COSMIC,2745057,Thyroid,X,41339045,41339045,Y38F,c.113A>T,Unknown,Missense
COSMIC,2121683,Skin,X,41339054,41339054,P41L,c.122C>T,Unknown,Missense
COSMIC,1783399,Endometrium,X,41341483,41341483,?,c.152-1G>T,Unknown,Unclassified
COSMIC,2776193,Haematopoietic and lymphoid,X,41341517,41341517,S62fs*159,c.185delC,Unknown,Frameshift
COSMIC,2776194,Haematopoietic and lymphoid,X,41341517,41341517,S62fs*159,c.185delC,Unknown,Frameshift
COSMIC,2776195,Haematopoietic and lymphoid,X,41341517,41341517,S62fs*159,c.185delC,Unknown,Frameshift
COSMIC,2640406,Lung,X,41341525,41341525,D65N,c.193G>A,Unknown,Missense
COSMIC,2759320,Peritoneum,X,41341528,41341528,K66fs*155,c.196_196delA,Unknown,Frameshift
COSMIC,1765199,Lung,X,41341531,41341531,D67Y,c.199G>T,Unknown,Missense
COSMIC,2187797,Breast,X,41341535,41341535,A68V,c.203C>T,Unknown,Missense
COSMIC,2748753,Biliary tract,X,41341535,41341535,A68V,c.203C>T,Unknown,Missense
COSMIC,2730513,Haematopoietic and lymphoid,X,41341556,41341557,S76fs*2,c.224_225insGACT,Unknown,Frameshift
COSMIC,2292469,Skin,X,41341572,41341572,G80G,c.240G>A,Unknown,Missense
COSMIC,2634330,Liver,X,41341594,41341594,R88C,c.262C>T,Unknown,Missense
COSMIC,2297731,Upper aerodigestive tract,X,41341610,41341610,G94fs*127,c.278delG,Unknown,Frameshift
COSMIC,1689692,Prostate,X,41342497,41342504,F96fs*5,c.287_294delTTGATGAT,Unknown,Frameshift
COSMIC,2198106,Stomach,X,41342505,41342505,R99C,c.295C>T,Unknown,Missense
COSMIC,2198144,Stomach,X,41342506,41342506,R99H,c.296G>A,Unknown,Missense
COSMIC,1651109,Large intestine,X,41342522,41342522,Y104Y,c.312C>T,Unknown,Missense
COSMIC,2097284,Urinary tract,X,41342522,41342522,Y104*,c.312C>G,Unknown,Nonsense
COSMIC,2185979,Urinary tract,X,41342522,41342522,Y104*,c.312C>G,Unknown,Nonsense
COSMIC,1783398,Endometrium,X,41342533,41342533,G108D,c.323G>A,Unknown,Missense
COSMIC,1783494,Endometrium,X,41342537,41342537,S109S,c.327C>T,Unknown,Missense
COSMIC,1783344,Endometrium,X,41342538,41342538,R110C,c.328C>T,Unknown,Missense
COSMIC,2197879,Stomach,X,41342538,41342538,R110C,c.328C>T,Unknown,Missense
COSMIC,2479572,Oesophagus,X,41342544,41342545,R113fs*109,c.334_335insAC,Unknown,Frameshift
COSMIC,2479572,Oesophagus,X,41342548,41342548,R113T,c.338G>C,Unknown,Missense
COSMIC,1842451,Pancreas,X,41342571,41342571,R121C,c.361C>T,Unknown,Missense
COSMIC,1650967,Large intestine,X,41342572,41342572,R121H,c.362G>A,Unknown,Missense
COSMIC,2542855,Haematopoietic and lymphoid,X,41342583,41342583,S125C,c.373A>T,Unknown,Missense
COSMIC,2480904,Lung,X,41342584,41342585,S125fs*4,c.374_375delGT,Unknown,Frameshift
COSMIC,2339188,Urinary tract,X,41342587,41342587,R126P,c.377G>C,Unknown,Missense
COSMIC,2658334,Large intestine,X,41342589,41342589,W127R,c.379T>C,Unknown,Missense
COSMIC,2634351,Liver,X,41342602,41342602,S131*,c.392C>A,Unknown,Nonsense
COSMIC,1780846,Lung,X,41342604,41342604,D132N,c.394G>A,Unknown,Missense
COSMIC,2658332,Large intestine,X,41342616,41342616,W136R,c.406T>C,Unknown,Missense
COSMIC,2634645,Haematopoietic and lymphoid,X,41342617,41342617,W136*,c.407G>A,Unknown,Nonsense
COSMIC,1899769,Breast,X,41342635,41342635,P142L,c.425C>T,Unknown,Missense
COSMIC,2640412,Lung,X,41342635,41342635,P142Q,c.425C>A,Unknown,Missense
COSMIC,2640416,Lung,X,41342635,41342635,P142Q,c.425C>A,Unknown,Missense
COSMIC,2730513,Haematopoietic and lymphoid,X,41342655,41342657,?,c.443+2_443+4TAA>12,Unknown,Unclassified
COSMIC,2297756,Upper aerodigestive tract,X,41342736,41342736,?,c.444-1G>T,Unknown,Unclassified
COSMIC,2193956,Kidney,X,41342751,41342751,G153E,c.458G>A,Unknown,Missense
COSMIC,2434064,Haematopoietic and lymphoid,X,41342751,41342751,G153V,c.458G>T,Unknown,Missense
COSMIC,2744860,Lung,X,41342751,41342751,G153V,c.458G>T,Unknown,Missense
COSMIC,1604869,Skin,X,41342754,41342754,G154D,c.461G>A,Unknown,Missense
COSMIC,2194191,Central nervous system,X,41342772,41342772,F160S,c.479T>C,Unknown,Missense
COSMIC,2193288,Urinary tract,X,41342774,41342774,E161Q,c.481G>C,Unknown,Missense
COSMIC,1899630,Breast,X,41342776,41342776,E161E,c.483G>A,Unknown,Missense
COSMIC,2456501,Haematopoietic and lymphoid,X,41342797,41342797,E169fs*52,c.504delT,Unknown,Frameshift
COSMIC,2640106,Upper aerodigestive tract,X,41342819,41342819,P176S,c.526C>T,Unknown,Missense
COSMIC,2640166,Upper aerodigestive tract,X,41342819,41342819,P176S,c.526C>T,Unknown,Missense
COSMIC,2262904,Breast,X,41342829,41342829,I179T,c.536T>C,Unknown,Missense
COSMIC,1779865,Kidney,X,41342831,41342831,E180Q,c.538G>C,Unknown,Missense
COSMIC,2296291,Upper aerodigestive tract,X,41343243,41343243,I191L,c.571A>C,Unknown,Missense
COSMIC,2296304,Upper aerodigestive tract,X,41343243,41343243,I191L,c.571A>C,Unknown,Missense
COSMIC,2776211,Haematopoietic and lymphoid,X,41343259,41343263,E196fs*97,c.587_591delAGCTT,Unknown,Frameshift
COSMIC,2197859,Stomach,X,41343267,41343267,R199C,c.595C>T,Unknown,Missense
COSMIC,1783541,Endometrium,X,41343268,41343268,R199P,c.596G>C,Unknown,Missense
COSMIC,2121583,Skin,X,41343271,41343271,Y200S,c.599A>C,Unknown,Missense
COSMIC,2777913,Upper aerodigestive tract,X,41343287,41343325,V206_R218del,c.615_653del39,Unknown,Nonsense
COSMIC,1779766,Cervix,X,41343288,41343288,V206L,c.616G>T,Unknown,Missense
COSMIC,2197524,Central nervous system,X,41343288,41343288,V206L,c.616G>C,Unknown,Missense
COSMIC,1783376,Endometrium,X,41343296,41343296,K208N,c.624G>T,Unknown,Missense
COSMIC,2339468,Skin,X,41343302,41343302,A210A,c.630T>C,Unknown,Missense
COSMIC,2757416,Lung,X,41343307,41343307,P212L,c.635C>T,Unknown,Missense
COSMIC,2757417,Lung,X,41343307,41343307,P212L,c.635C>T,Unknown,Missense
COSMIC,2757418,Lung,X,41343307,41343307,P212L,c.635C>T,Unknown,Missense
COSMIC,2757419,Lung,X,41343307,41343307,P212L,c.635C>T,Unknown,Missense
COSMIC,1652923,Central nervous system,X,41343313,41343313,I214S,c.641T>G,Unknown,Missense
COSMIC,1652923,Central nervous system,X,41343313,41343313,I214S,c.641T>G,Unknown,Missense
COSMIC,2385308,Haematopoietic and lymphoid,X,41343313,41343313,I214fs*7,c.641delT,Unknown,Frameshift
COSMIC,1783409,Endometrium,X,41343314,41343314,I214M,c.642C>G,Unknown,Missense
COSMIC,1723809,Haematopoietic and lymphoid,X,41343327,41343327,D219Y,c.655G>T,Unknown,Missense
COSMIC,1732874,Central nervous system,X,41343336,41343336,A222P,c.664G>C,Unknown,Missense
COSMIC,2488646,Haematopoietic and lymphoid,X,41343343,41343343,A224G,c.671C>G,Unknown,Missense
COSMIC,2478830,Lung,X,41343742,41343742,G229*,c.685G>T,Unknown,Nonsense
COSMIC,2671699,Pleura,X,41343748,41343748,T231P,c.691A>C,Unknown,Missense
COSMIC,2785191,Haematopoietic and lymphoid,X,41343750,41343751,A232fs*62,c.693_694delTG,Unknown,Frameshift
COSMIC,1512956,Central nervous system,X,41343757,41343757,F234L,c.700T>C,Unknown,Missense
COSMIC,2634358,Liver,X,41343762,41343762,L235L,c.705G>C,Unknown,Missense
COSMIC,2297758,Upper aerodigestive tract,X,41343767,41343767,P237L,c.710C>T,Unknown,Missense
COSMIC,2662368,Lung,X,41343768,41343768,P237P,c.711C>T,Unknown,Missense
COSMIC,2340033,Liver,X,41343771,41343771,I238M,c.714C>G,Unknown,Missense
COSMIC,2340696,Upper aerodigestive tract,X,41343777,41343777,S240R,c.720T>A,Unknown,Missense
COSMIC,2193288,Urinary tract,X,41343780,41343780,Q241Q,c.723G>A,Unknown,Missense
COSMIC,2267366,Oesophagus,X,41343793,41343793,G246S,c.736G>A,Unknown,Missense
COSMIC,2197838,Stomach,X,41343801,41343801,G248G,c.744C>T,Unknown,Missense
COSMIC,2197874,Stomach,X,41343801,41343801,G248G,c.744C>T,Unknown,Missense
COSMIC,2634707,Haematopoietic and lymphoid,X,41343801,41343801,G248G,c.744C>T,Unknown,Missense
COSMIC,2658230,Large intestine,X,41343801,41343801,G248G,c.744C>T,Unknown,Missense
COSMIC,2121430,Prostate,X,41343802,41343802,E249K,c.745G>A,Unknown,Missense
COSMIC,2439317,Skin,X,41343816,41343816,A253A,c.759C>T,Unknown,Missense
COSMIC,2439317,Skin,X,41343818,41343818,M254fs*19,c.761delT,Unknown,Frameshift
COSMIC,2193250,Urinary tract,X,41343819,41343819,M254I,c.762G>A,Unknown,Missense
COSMIC,2634350,Liver,X,41343829,41343829,?,c.765+7G>A,Unknown,Unclassified
COSMIC,1759438,Lung,X,41344043,41344043,Y260C,c.779A>G,Unknown,Missense
COSMIC,2607096,Large intestine,X,41344048,41344048,R262C,c.784C>T,Unknown,Missense
COSMIC,2658247,Large intestine,X,41344048,41344048,R262C,c.784C>T,Unknown,Missense
COSMIC,2197838,Stomach,X,41344049,41344049,R262H,c.785G>A,Unknown,Missense
COSMIC,2575080,Prostate,X,41344049,41344049,R262H,c.785G>A,Unknown,Missense
COSMIC,2575184,Prostate,X,41344049,41344049,R262H,c.785G>A,Unknown,Missense
COSMIC,1783330,Endometrium,X,41344052,41344052,R263H,c.788G>A,Unknown,Missense
COSMIC,1783335,Endometrium,X,41344063,41344063,P267S,c.799C>T,Unknown,Missense
COSMIC,2634754,Haematopoietic and lymphoid,X,41344079,41344079,L272S,c.815T>C,Unknown,Missense
COSMIC,2513797,Other,X,41344081,41344081,A273T,c.817G>A,Unknown,Missense
COSMIC,2671697,Pleura,X,41344087,41344087,T275P,c.823A>C,Unknown,Missense
COSMIC,2776469,Haematopoietic and lymphoid,X,41344087,41344087,T275P,c.823A>C,Unknown,Missense
COSMIC,1732873,Central nervous system,X,41344088,41344088,T275M,c.824C>T,Unknown,Missense
COSMIC,2197503,Central nervous system,X,41344088,41344088,T275M,c.824C>T,Unknown,Missense
COSMIC,2575154,Prostate,X,41344088,41344088,T275M,c.824C>T,Unknown,Missense
COSMIC,1780161,Lung,X,41344088,41344088,T275M,c.824C>T,Unknown,Missense
COSMIC,2301153,Central nervous system,X,41344088,41344088,T275M,c.824C>T,Unknown,Missense
COSMIC,1735419,Central nervous system,X,41344091,41344091,R276K,c.827G>A,Unknown,Missense
COSMIC,2197444,Central nervous system,X,41344093,41344093,E277Q,c.829G>C,Unknown,Missense
COSMIC,2662339,Lung,X,41344099,41344099,A279T,c.835G>A,Unknown,Missense
COSMIC,1689681,Prostate,X,41344107,41344107,Q281H,c.843G>C,Unknown,Missense
COSMIC,2197522,Central nervous system,X,41344107,41344107,Q281H,c.843G>T,Unknown,Missense
COSMIC,2121655,Skin,X,41344117,41344117,E285K,c.853G>A,Unknown,Missense
COSMIC,2344286,Haematopoietic and lymphoid,X,41344130,41344130,?,c.864+2T>G,Unknown,Unclassified
COSMIC,1819103,Haematopoietic and lymphoid,X,41344130,41344130,?,c.864+2T>G,Unknown,Unclassified
COSMIC,2640410,Lung,X,41344238,41344238,?,c.865-1G>C,Unknown,Unclassified
COSMIC,1779825,Kidney,X,41344243,41344243,S290L,c.869C>T,Unknown,Missense
COSMIC,2634298,Liver,X,41344248,41344248,R292*,c.874C>T,Unknown,Nonsense
COSMIC,2658644,Large intestine,X,41344248,41344248,R292*,c.874C>T,Unknown,Nonsense
COSMIC,2671785,Pleura,X,41344248,41344248,R292*,c.874C>T,Unknown,Nonsense
COSMIC,2457399,Urinary tract,X,41344249,41344249,R292L,c.875G>T,Unknown,Missense
COSMIC,2187824,Breast,X,41344252,41344252,S293Y,c.878C>A,Unknown,Missense
COSMIC,749712,Breast,X,41344255,41344255,R294T,c.881G>C,Unknown,Missense
COSMIC,1235081,Breast,X,41344255,41344255,R294T,c.881G>C,Unknown,Missense
COSMIC,2658444,Large intestine,X,41344260,41344260,R296C,c.886C>T,Unknown,Missense
COSMIC,2292459,Skin,X,41344261,41344262,P297fs*52,c.887_888insT,Unknown,Frameshift
COSMIC,2292459,Skin,X,41344264,41344264,P297L,c.890C>T,Unknown,Missense
COSMIC,2292459,Skin,X,41344266,41344267,C298fs*51,c.892_893insT,Unknown,Frameshift
COSMIC,2549386,Large intestine,X,41344268,41344268,C298C,c.894C>T,Unknown,Missense
COSMIC,1732887,Central nervous system,X,41344279,41344279,G302V,c.905G>T,Unknown,Missense
COSMIC,2301146,Central nervous system,X,41344279,41344279,G302V,c.905G>T,Unknown,Missense
COSMIC,2197940,Stomach,X,41344280,41344280,G302G,c.906T>C,Unknown,Missense
COSMIC,2634556,Haematopoietic and lymphoid,X,41344282,41344282,G303D,c.908G>A,Unknown,Missense
COSMIC,1779788,Kidney,X,41344285,41344285,A304V,c.911C>T,Unknown,Missense
COSMIC,1783494,Endometrium,X,41344287,41344287,D305N,c.913G>A,Unknown,Missense
COSMIC,1765090,Lung,X,41344288,41344289,I306fs*42,c.914_915delAT,Unknown,Frameshift
COSMIC,2197995,Stomach,X,41344299,41344299,Q309*,c.925C>T,Unknown,Nonsense
COSMIC,2121636,Skin,X,41344305,41344305,R311*,c.931C>T,Unknown,Nonsense
COSMIC,2466830,Skin,X,41344305,41344305,R311*,c.931C>T,Unknown,Nonsense
COSMIC,2776204,Haematopoietic and lymphoid,X,41344305,41344305,R311*,c.931C>T,Unknown,Nonsense
COSMIC,2776205,Haematopoietic and lymphoid,X,41344305,41344305,R311*,c.931C>T,Unknown,Nonsense
COSMIC,2658359,Large intestine,X,41344306,41344306,R311Q,c.932G>A,Unknown,Missense
COSMIC,1765224,Lung,X,41344312,41344312,L313S,c.938T>C,Unknown,Missense
COSMIC,2777837,Haematopoietic and lymphoid,X,41344317,41344318,R315fs*7,c.943_944insAC,Unknown,Frameshift
COSMIC,1659934,Breast,X,41344321,41344321,G316V,c.947G>T,Unknown,Missense
COSMIC,2480926,Lung,X,41344321,41344321,G316E,c.947G>A,Unknown,Missense
COSMIC,2634332,Liver,X,41344324,41344324,C317F,c.950G>T,Unknown,Missense
COSMIC,2187781,Breast,X,41344335,41344335,V321L,c.961G>T,Unknown,Missense
COSMIC,2456369,Haematopoietic and lymphoid,X,41344339,41344339,A322V,c.965C>T,Unknown,Missense
COSMIC,2067184,Haematopoietic and lymphoid,X,41344347,41344347,G325R,c.973G>A,Unknown,Missense
COSMIC,1732872,Central nervous system,X,41344348,41344348,G325E,c.974G>A,Unknown,Missense
COSMIC,2301141,Central nervous system,X,41344348,41344348,G325E,c.974G>A,Unknown,Missense
COSMIC,1652853,Central nervous system,X,41344350,41344350,R326C,c.976C>T,Unknown,Missense
COSMIC,1652895,Central nervous system,X,41344350,41344350,R326C,c.976C>T,Unknown,Missense
COSMIC,2759321,Peritoneum,X,41344350,41344350,R326C,c.976C>T,Unknown,Missense
COSMIC,1652853,Central nervous system,X,41344350,41344350,R326C,c.976C>T,Unknown,Missense
COSMIC,1652895,Central nervous system,X,41344350,41344350,R326C,c.976C>T,Unknown,Missense
COSMIC,2404161,Stomach,X,41344350,41344350,R326C,c.976C>T,Unknown,Missense
COSMIC,1652839,Central nervous system,X,41344360,41344360,D329V,c.986A>T,Unknown,Missense
COSMIC,1652839,Central nervous system,X,41344360,41344360,D329V,c.986A>T,Unknown,Missense
COSMIC,1630859,Haematopoietic and lymphoid,X,41344363,41344363,M330K,c.989T>A,Unknown,Missense
COSMIC,1921446,Haematopoietic and lymphoid,X,41344363,41344363,M330K,c.989T>A,Unknown,Missense
COSMIC,2367449,Pancreas,X,41344389,41344389,D339H,c.1015G>C,Unknown,Missense
COSMIC,1723833,Haematopoietic and lymphoid,X,41344396,41344396,C341F,c.1022G>T,Unknown,Missense
COSMIC,1897459,Haematopoietic and lymphoid,X,41345179,41345179,?,c.1026-1G>C,Unknown,Unclassified
COSMIC,2559747,Upper aerodigestive tract,X,41345179,41345179,?,c.1026-1G>C,Unknown,Unclassified
COSMIC,2671640,Pleura,X,41345183,41345183,Y343*,c.1029C>A,Unknown,Nonsense
COSMIC,2485093,Central nervous system,X,41345187,41345187,V345L,c.1033G>C,Unknown,Missense
COSMIC,2776193,Haematopoietic and lymphoid,X,41345189,41345192,L346fs*18,c.1035_1038delGTTA,Unknown,Frameshift
COSMIC,2776194,Haematopoietic and lymphoid,X,41345189,41345192,L346fs*18,c.1035_1038delGTTA,Unknown,Frameshift
COSMIC,2776195,Haematopoietic and lymphoid,X,41345189,41345192,L346fs*18,c.1035_1038delGTTA,Unknown,Frameshift
COSMIC,2784687,Haematopoietic and lymphoid,X,41345191,41345194,D347Kfs*17,c.1037_1040delTAGA,Unknown,Frameshift
COSMIC,2488669,Haematopoietic and lymphoid,X,41345193,41345193,D347H,c.1039G>C,Unknown,Missense
COSMIC,2688642,Skin,X,41345196,41345196,E348K,c.1042G>A,Unknown,Missense
COSMIC,2434070,Haematopoietic and lymphoid,X,41345196,41345196,E348K,c.1042G>A,Unknown,Missense
COSMIC,1899789,Breast,X,41345202,41345202,D350N,c.1048G>A,Unknown,Missense
COSMIC,2194417,Central nervous system,X,41345205,41345205,R351W,c.1051C>T,Unknown,Missense
COSMIC,2658297,Large intestine,X,41345206,41345206,R351Q,c.1052G>A,Unknown,Missense
COSMIC,1732900,Central nervous system,X,41345213,41345213,L353F,c.1059G>T,Unknown,Missense
COSMIC,1735397,Central nervous system,X,41345214,41345214,D354H,c.1060G>C,Unknown,Missense
COSMIC,2198033,Stomach,X,41345214,41345214,D354Y,c.1060G>T,Unknown,Missense
COSMIC,2671644,Pleura,X,41345214,41345214,D354Y,c.1060G>T,Unknown,Missense
COSMIC,1780481,Lung,X,41345214,41345214,D354Y,c.1060G>T,Unknown,Missense
COSMIC,2730628,Haematopoietic and lymphoid,X,41345214,41345214,D354N,c.1060G>A,Unknown,Missense
COSMIC,1653154,Pancreas,X,41345215,41345215,D354G,c.1061A>G,Unknown,Missense
COSMIC,1815626,Pancreas,X,41345215,41345215,D354G,c.1061A>G,Unknown,Missense
COSMIC,2197256,Pancreas,X,41345215,41345215,D354G,c.1061A>G,Unknown,Missense
COSMIC,2772693,Urinary tract,X,41345215,41345215,D354G,c.1061A>G,Unknown,Missense
COSMIC,1732870,Central nervous system,X,41345215,41345215,D354V,c.1061A>T,Unknown,Missense
COSMIC,1779227,Urinary tract,X,41345215,41345215,D354V,c.1061A>T,Unknown,Missense
COSMIC,2507086,Pancreas,X,41345215,41345215,D354V,c.1061A>T,Unknown,Missense
COSMIC,2748630,Pancreas,X,41345215,41345215,D354V,c.1061A>T,Unknown,Missense
COSMIC,1765263,Lung,X,41345220,41345220,G356R,c.1066G>A,Unknown,Missense
COSMIC,1783537,Endometrium,X,41345223,41345223,F357L,c.1069T>C,Unknown,Missense
COSMIC,1652927,Central nervous system,X,41345224,41345224,F357S,c.1070T>C,Unknown,Missense
COSMIC,1652927,Central nervous system,X,41345224,41345224,F357S,c.1070T>C,Unknown,Missense
COSMIC,2296103,Large intestine,X,41345228,41345228,E358E,c.1074G>A,Unknown,Missense
COSMIC,2658299,Large intestine,X,41345228,41345228,E358E,c.1074G>A,Unknown,Missense
COSMIC,1783376,Endometrium,X,41345238,41345238,R362C,c.1084C>T,Unknown,Missense
COSMIC,2267382,Oesophagus,X,41345238,41345238,R362C,c.1084C>T,Unknown,Missense
COSMIC,2385812,Urinary tract,X,41345242,41345242,R363K,c.1088G>A,Unknown,Missense
COSMIC,2521267,Skin,X,41345250,41345250,E366K,c.1096G>A,Unknown,Missense
COSMIC,2634354,Liver,X,41345250,41345250,E366K,c.1096G>A,Unknown,Missense
COSMIC,1890073,Autonomic ganglia,X,41345257,41345257,D368V,c.1103A>T,Unknown,Missense
COSMIC,2456589,Haematopoietic and lymphoid,X,41345260,41345261,M370fs*13,c.1106_1107insA,Unknown,Frameshift
COSMIC,1732871,Central nervous system,X,41345263,41345263,M370R,c.1109T>G,Unknown,Missense
COSMIC,2301118,Central nervous system,X,41345263,41345263,M370R,c.1109T>G,Unknown,Missense
COSMIC,1560592,Upper aerodigestive tract,X,41345265,41345265,P371S,c.1111C>T,Unknown,Missense
COSMIC,1652900,Central nervous system,X,41345280,41345280,R376S,c.1126C>A,Unknown,Missense
COSMIC,1652900,Central nervous system,X,41345280,41345280,R376S,c.1126C>A,Unknown,Missense
COSMIC,1735470,Central nervous system,X,41345280,41345280,R376C,c.1126C>T,Unknown,Missense
COSMIC,2607109,Large intestine,X,41345284,41345284,H377R,c.1130A>G,Unknown,Missense
COSMIC,2461659,Pleura,X,41345292,41345292,M380V,c.1138A>G,Unknown,Missense
COSMIC,2197504,Central nervous system,X,41345294,41345294,M380I,c.1140G>A,Unknown,Missense
COSMIC,2197414,Central nervous system,X,41345294,41345294,M380I,c.1140G>T,Unknown,Missense
COSMIC,2776318,Lung,X,41345301,41345301,A383P,c.1147G>C,Unknown,Missense
COSMIC,2121627,Skin,X,41345301,41345301,A383T,c.1147G>A,Unknown,Missense
COSMIC,2197521,Central nervous system,X,41345304,41345304,T384P,c.1150A>C,Unknown,Missense
COSMIC,2267374,Oesophagus,X,41345402,41345402,?,c.1171-2A>T,Unknown,Unclassified
COSMIC,2339180,Urinary tract,X,41345403,41345403,?,c.1171-1G>C,Unknown,Unclassified
COSMIC,1781104,Lung,X,41345410,41345410,A393T,c.1177G>A,Unknown,Missense
COSMIC,2634805,Haematopoietic and lymphoid,X,41345411,41345411,A393D,c.1178C>A,Unknown,Missense
COSMIC,2434067,Haematopoietic and lymphoid,X,41345418,41345418,F396fs*2,c.1185delT,Unknown,Frameshift
COSMIC,2340268,Cervix,X,41345425,41345425,D398H,c.1192G>C,Unknown,Missense
COSMIC,2296255,Large intestine,X,41345428,41345428,E399*,c.1195G>T,Unknown,Nonsense
COSMIC,2658233,Large intestine,X,41345428,41345428,E399*,c.1195G>T,Unknown,Nonsense
COSMIC,1783335,Endometrium,X,41345430,41345430,E399D,c.1197A>C,Unknown,Missense
COSMIC,2634324,Liver,X,41345442,41345442,L403F,c.1209G>T,Unknown,Missense
COSMIC,2434072,Haematopoietic and lymphoid,X,41345443,41345443,A404P,c.1210G>C,Unknown,Missense
COSMIC,2607141,Large intestine,X,41345449,41345449,G406*,c.1216G>T,Unknown,Nonsense
COSMIC,1560528,Upper aerodigestive tract,X,41345453,41345453,R407T,c.1220G>C,Unknown,Missense
COSMIC,1630886,Haematopoietic and lymphoid,X,41345462,41345462,S410F,c.1229C>T,Unknown,Missense
COSMIC,1921483,Haematopoietic and lymphoid,X,41345462,41345462,S410F,c.1229C>T,Unknown,Missense
COSMIC,1897485,Haematopoietic and lymphoid,X,41345463,41345463,T411fs*9,c.1230delT,Unknown,Frameshift
COSMIC,1652918,Central nervous system,X,41345468,41345468,S412F,c.1235C>T,Unknown,Missense
COSMIC,1652918,Central nervous system,X,41345468,41345468,S412F,c.1235C>T,Unknown,Missense
COSMIC,2121555,Skin,X,41345468,41345468,S412F,c.1235C>T,Unknown,Missense
COSMIC,2121762,Skin,X,41345468,41345468,S412F,c.1235C>T,Unknown,Missense
COSMIC,2385431,Haematopoietic and lymphoid,X,41345478,41345479,Q417fs*16,c.1245_1246delCA,Unknown,Frameshift
COSMIC,1779319,Breast,X,41345484,41345484,Q417Q,c.1251G>A,Unknown,Missense
COSMIC,1980826,Kidney,X,41345485,41345485,K418*,c.1252A>T,Unknown,Nonsense
COSMIC,1560528,Upper aerodigestive tract,X,41345503,41345503,E424*,c.1270G>T,Unknown,Nonsense
COSMIC,1765212,Lung,X,41345515,41345515,R428W,c.1282C>T,Unknown,Missense
COSMIC,1998437,Haematopoietic and lymphoid,X,41345516,41345516,R428Q,c.1283G>A,Unknown,Missense
COSMIC,2363574,Oesophagus,X,41345524,41345524,L431L,c.1291C>T,Unknown,Missense
COSMIC,2582891,Oesophagus,X,41345524,41345524,L431L,c.1291C>T,Unknown,Missense
COSMIC,2745702,Oesophagus,X,41345524,41345524,L431L,c.1291C>T,Unknown,Missense
COSMIC,2120347,Central nervous system,X,41345543,41345543,A437E,c.1310C>A,Unknown,Missense
COSMIC,2067133,Liver,X,41346227,41346227,?,c.1316-2A>T,Unknown,Unclassified
COSMIC,2745906,Liver,X,41346227,41346227,?,c.1316-2A>T,Unknown,Unclassified
COSMIC,2187780,Breast,X,41346234,41346234,D441H,c.1321G>C,Unknown,Missense
COSMIC,2785192,Haematopoietic and lymphoid,X,41346240,41346240,L443V,c.1327C>G,Unknown,Missense
COSMIC,2784688,Haematopoietic and lymphoid,X,41346247,41346247,L445*,c.1334T>A,Unknown,Nonsense
COSMIC,2121650,Skin,X,41346252,41346252,F447L,c.1339T>C,Unknown,Missense
COSMIC,1317053,Breast,X,41346258,41346258,E449*,c.1345G>T,Unknown,Nonsense
COSMIC,1317053,Breast,X,41346258,41346258,E449*,c.1345G>T,Unknown,Nonsense
COSMIC,2658240,Large intestine,X,41346262,41346262,T450I,c.1349C>T,Unknown,Missense
COSMIC,2492838,Other,X,41346264,41346264,K452fs*44,c.1351delA,Unknown,Frameshift
COSMIC,2456686,Haematopoietic and lymphoid,X,41346267,41346267,K452E,c.1354A>G,Unknown,Missense
COSMIC,1541118,Breast,X,41346270,41346270,G453S,c.1357G>A,Unknown,Missense
COSMIC,2549222,Breast,X,41346270,41346270,G453S,c.1357G>A,Unknown,Missense
COSMIC,2549260,Breast,X,41346270,41346270,G453S,c.1357G>A,Unknown,Missense
COSMIC,2748743,Biliary tract,X,41346275,41346275,A454A,c.1362A>C,Unknown,Missense
COSMIC,1317053,Breast,X,41346276,41346276,D455Y,c.1363G>T,Unknown,Missense
COSMIC,1317053,Breast,X,41346276,41346276,D455Y,c.1363G>T,Unknown,Missense
COSMIC,2785196,Haematopoietic and lymphoid,X,41346276,41346302,D455_H463delDSLEDFLYH,c.1363_1389del27,Unknown,Nonsense
COSMIC,1921461,Haematopoietic and lymphoid,X,41346280,41346280,S456fs*40,c.1367delC,Unknown,Frameshift
COSMIC,2564877,Salivary gland,X,41346283,41346283,L457Q,c.1370T>A,Unknown,Missense
COSMIC,2439367,Skin,X,41346300,41346300,H463Y,c.1387C>T,Unknown,Missense
COSMIC,1863690,Lung,X,41346306,41346306,G465*,c.1393G>T,Unknown,Nonsense
COSMIC,2301999,Large intestine,X,41346315,41346315,C468R,c.1402T>C,Unknown,Missense
COSMIC,1914468,Breast,X,41346327,41346327,H472Y,c.1414C>T,Unknown,Missense
COSMIC,1652897,Central nervous system,X,41346336,41346336,R475C,c.1423C>T,Unknown,Missense
COSMIC,1652897,Central nervous system,X,41346336,41346336,R475C,c.1423C>T,Unknown,Missense
COSMIC,2121697,Skin,X,41346336,41346336,R475C,c.1423C>T,Unknown,Missense
COSMIC,2185820,Ovary,X,41346336,41346336,R475C,c.1423C>T,Unknown,Missense
COSMIC,2196312,Ovary,X,41346336,41346336,R475C,c.1423C>T,Unknown,Missense
COSMIC,2772703,Urinary tract,X,41346336,41346336,R475C,c.1423C>T,Unknown,Missense
COSMIC,2344283,Haematopoietic and lymphoid,X,41346337,41346337,R475H,c.1424G>A,Unknown,Missense
COSMIC,1819101,Haematopoietic and lymphoid,X,41346337,41346337,R475H,c.1424G>A,Unknown,Missense
COSMIC,2245532,Thyroid,X,41346340,41346340,S476F,c.1427C>T,Unknown,Missense
COSMIC,2097258,Urinary tract,X,41346352,41346352,R480K,c.1439G>A,Unknown,Missense
COSMIC,2186179,Urinary tract,X,41346352,41346352,R480K,c.1439G>A,Unknown,Missense
COSMIC,2488700,Haematopoietic and lymphoid,X,41346361,41346361,A483G,c.1448C>G,Unknown,Missense
COSMIC,2785201,Haematopoietic and lymphoid,X,41346361,41346361,A483G,c.1448C>G,Unknown,Missense
COSMIC,2340552,Upper aerodigestive tract,X,41346362,41346362,A483A,c.1449C>G,Unknown,Missense
COSMIC,2777866,Upper aerodigestive tract,X,41346369,41346392,Q486_P493del,c.1456_1479del24,Unknown,Nonsense
COSMIC,2634736,Haematopoietic and lymphoid,X,41346372,41346372,F487L,c.1459T>C,Unknown,Missense
COSMIC,2456345,Haematopoietic and lymphoid,X,41346374,41346374,F487L,c.1461C>A,Unknown,Missense
COSMIC,2233396,Haematopoietic and lymphoid,X,41346376,41346376,R488H,c.1463G>A,Unknown,Missense
COSMIC,2292463,Skin,X,41346382,41346382,G490E,c.1469G>A,Unknown,Missense
COSMIC,2729332,Ovary,X,41346382,41346382,G490V,c.1469G>T,Unknown,Missense
COSMIC,2729333,Ovary,X,41346382,41346382,G490V,c.1469G>T,Unknown,Missense
COSMIC,2729334,Ovary,X,41346382,41346382,G490V,c.1469G>T,Unknown,Missense
COSMIC,2340364,Haematopoietic and lymphoid,X,41346396,41346396,L495V,c.1483T>G,Unknown,Missense
COSMIC,2197423,Central nervous system,X,41346399,41346399,V496M,c.1486G>A,Unknown,Missense
COSMIC,1766805,Large intestine,X,41346405,41346405,T498A,c.1492A>G,Unknown,Missense
COSMIC,2513797,Other,X,41346508,41346508,A501T,c.1501G>A,Unknown,Missense
COSMIC,753581,Skin,X,41346511,41346511,A502T,c.1504G>A,Unknown,Missense
COSMIC,2730735,Skin,X,41346520,41346520,L505V,c.1513C>G,Unknown,Missense
COSMIC,2730736,Skin,X,41346520,41346520,L505V,c.1513C>G,Unknown,Missense
COSMIC,2197940,Stomach,X,41346522,41346522,L505L,c.1515G>A,Unknown,Missense
COSMIC,1735428,Central nervous system,X,41346523,41346523,D506Y,c.1516G>T,Unknown,Missense
COSMIC,2309688,Stomach,X,41346526,41346526,I507V,c.1519A>G,Unknown,Missense
COSMIC,2565680,Haematopoietic and lymphoid,X,41346526,41346526,I507L,c.1519A>C,Unknown,Missense
COSMIC,2262726,Cervix,X,41346530,41346530,S508L,c.1523C>T,Unknown,Missense
COSMIC,2777889,Upper aerodigestive tract,X,41346530,41346530,S508*,c.1523C>G,Unknown,Nonsense
COSMIC,2671693,Pleura,X,41346530,41346530,S508*,c.1523C>G,Unknown,Nonsense
COSMIC,2385842,Urinary tract,X,41346537,41346537,V510V,c.1530G>A,Unknown,Missense
COSMIC,2479246,Haematopoietic and lymphoid,X,41346542,41346542,H512R,c.1535A>G,Unknown,Missense
COSMIC,1651148,Large intestine,X,41346547,41346547,I514V,c.1540A>G,Unknown,Missense
COSMIC,2296082,Large intestine,X,41346550,41346550,N515D,c.1543A>G,Unknown,Missense
COSMIC,2662286,Lung,X,41346577,41346577,E524K,c.1570G>A,Unknown,Missense
COSMIC,1566742,Liver,X,41346581,41346581,Y525C,c.1574A>G,Unknown,Missense
COSMIC,1919260,Liver,X,41346581,41346581,Y525C,c.1574A>G,Unknown,Missense
COSMIC,2120818,Liver,X,41346581,41346581,Y525C,c.1574A>G,Unknown,Missense
COSMIC,1652918,Central nervous system,X,41346586,41346586,H527Y,c.1579C>T,Unknown,Missense
COSMIC,1652918,Central nervous system,X,41346586,41346586,H527Y,c.1579C>T,Unknown,Missense
COSMIC,1783399,Endometrium,X,41346589,41346589,R528C,c.1582C>T,Unknown,Missense
COSMIC,2015231,Lung,X,41346589,41346589,R528C,c.1582C>T,Unknown,Missense
COSMIC,1673893,Skin,X,41346589,41346589,R528C,c.1582C>T,Unknown,Missense
COSMIC,1783473,Endometrium,X,41346590,41346590,R528H,c.1583G>A,Unknown,Missense
COSMIC,1735463,Central nervous system,X,41346590,41346590,R528H,c.1583G>A,Unknown,Missense
COSMIC,2492841,Other,X,41346590,41346590,R528H,c.1583G>A,Unknown,Missense
COSMIC,2121705,Skin,X,41346592,41346592,I529L,c.1585A>C,Unknown,Missense
COSMIC,2485089,Central nervous system,X,41346595,41346595,G530C,c.1588G>T,Unknown,Missense
COSMIC,1652876,Central nervous system,X,41346596,41346596,G530A,c.1589G>C,Unknown,Missense
COSMIC,1652876,Central nervous system,X,41346596,41346596,G530A,c.1589G>C,Unknown,Missense
COSMIC,2485069,Central nervous system,X,41346599,41346599,R531H,c.1592G>A,Unknown,Missense
COSMIC,2689951,Endometrium,X,41346599,41346599,R531H,c.1592G>A,Unknown,Missense
COSMIC,2121291,Pancreas,X,41346601,41346601,T532A,c.1594A>G,Unknown,Missense
COSMIC,2121292,Pancreas,X,41346601,41346601,T532A,c.1594A>G,Unknown,Missense
COSMIC,2121750,Skin,X,41346601,41346601,T532A,c.1594A>G,Unknown,Missense
COSMIC,2197226,Pancreas,X,41346601,41346601,T532A,c.1594A>G,Unknown,Missense
COSMIC,2777914,Upper aerodigestive tract,X,41346602,41346602,T532M,c.1595C>T,Unknown,Missense
COSMIC,2193348,Cervix,X,41346602,41346602,T532M,c.1595C>T,Unknown,Missense
COSMIC,2456280,Haematopoietic and lymphoid,X,41346602,41346602,T532M,c.1595C>T,Unknown,Missense
COSMIC,2462812,Haematopoietic and lymphoid,X,41346602,41346602,T532M,c.1595C>T,Unknown,Missense
COSMIC,2506787,Haematopoietic and lymphoid,X,41346602,41346602,T532M,c.1595C>T,Unknown,Missense
COSMIC,1652892,Central nervous system,X,41346607,41346607,R534S,c.1600C>A,Unknown,Missense
COSMIC,1652892,Central nervous system,X,41346607,41346607,R534S,c.1600C>A,Unknown,Missense
COSMIC,2197524,Central nervous system,X,41346607,41346607,R534S,c.1600C>A,Unknown,Missense
COSMIC,2197422,Central nervous system,X,41346607,41346607,R534C,c.1600C>T,Unknown,Missense
COSMIC,2197912,Stomach,X,41346607,41346607,R534C,c.1600C>T,Unknown,Missense
COSMIC,2488671,Haematopoietic and lymphoid,X,41346607,41346607,R534C,c.1600C>T,Unknown,Missense
COSMIC,1735435,Central nervous system,X,41346608,41346608,R534H,c.1601G>A,Unknown,Missense
COSMIC,2491110,Haematopoietic and lymphoid,X,41346608,41346608,R534H,c.1601G>A,Unknown,Missense
COSMIC,2634726,Haematopoietic and lymphoid,X,41346608,41346608,R534H,c.1601G>A,Unknown,Missense
COSMIC,2197508,Central nervous system,X,41346613,41346613,G536R,c.1606G>A,Unknown,Missense
COSMIC,2759320,Peritoneum,X,41346613,41346613,G536R,c.1606G>C,Unknown,Missense
COSMIC,2662339,Lung,X,41346622,41346622,G539R,c.1615G>C,Unknown,Missense
COSMIC,2634653,Haematopoietic and lymphoid,X,41346623,41346623,?,c.1615+1G>C,Unknown,Unclassified
COSMIC,2121083,Upper aerodigestive tract,X,41346863,41346863,L540L,c.1620G>T,Unknown,Missense
COSMIC,2139282,Upper aerodigestive tract,X,41346863,41346863,L540L,c.1620G>T,Unknown,Missense
COSMIC,2634720,Haematopoietic and lymphoid,X,41346864,41346864,A541T,c.1621G>A,Unknown,Missense
COSMIC,2194981,Lung,X,41346865,41346865,A541V,c.1622C>T,Unknown,Missense
COSMIC,2434066,Haematopoietic and lymphoid,X,41346865,41346865,A541V,c.1622C>T,Unknown,Missense
COSMIC,2744858,Lung,X,41346865,41346865,A541V,c.1622C>T,Unknown,Missense
COSMIC,2730538,Haematopoietic and lymphoid,X,41346865,41346865,A541E,c.1622C>A,Unknown,Missense
COSMIC,2785202,Haematopoietic and lymphoid,X,41346865,41346865,A541E,c.1622C>A,Unknown,Missense
COSMIC,2363586,Oesophagus,X,41346880,41346881,N546fs*8,c.1637_1638delAC,Unknown,Frameshift
COSMIC,2582903,Oesophagus,X,41346880,41346881,N546fs*8,c.1637_1638delAC,Unknown,Frameshift
COSMIC,2745714,Oesophagus,X,41346880,41346881,N546fs*8,c.1637_1638delAC,Unknown,Frameshift
COSMIC,1783330,Endometrium,X,41346881,41346881,N546N,c.1638C>T,Unknown,Missense
COSMIC,2197838,Stomach,X,41346881,41346881,N546N,c.1638C>T,Unknown,Missense
COSMIC,1474815,Ovary,X,41346886,41346886,R548T,c.1643G>C,Unknown,Missense
COSMIC,1474815,Ovary,X,41346894,41346894,N551H,c.1651A>C,Unknown,Missense
COSMIC,1651109,Large intestine,X,41346908,41346908,D555E,c.1665T>G,Unknown,Missense
COSMIC,2776270,Lung,X,41346915,41346915,D558N,c.1672G>A,Unknown,Missense
COSMIC,2121562,Skin,X,41346918,41346918,L559F,c.1675C>T,Unknown,Missense
COSMIC,2187848,Breast,X,41346918,41346918,L559I,c.1675C>A,Unknown,Missense
COSMIC,2729332,Ovary,X,41346939,41346939,E566K,c.1696G>A,Unknown,Missense
COSMIC,2729333,Ovary,X,41346939,41346939,E566K,c.1696G>A,Unknown,Missense
COSMIC,2729334,Ovary,X,41346939,41346939,E566K,c.1696G>A,Unknown,Missense
COSMIC,2462824,Haematopoietic and lymphoid,X,41346942,41346942,V567M,c.1699G>A,Unknown,Missense
COSMIC,2658255,Large intestine,X,41346945,41346945,P568S,c.1702C>T,Unknown,Missense
COSMIC,2456338,Haematopoietic and lymphoid,X,41346945,41346946,P568fs*5,c.1702_1703insTG,Unknown,Frameshift
COSMIC,1732888,Central nervous system,X,41346946,41346946,P568L,c.1703C>T,Unknown,Missense
COSMIC,1735413,Central nervous system,X,41346946,41346946,P568L,c.1703C>T,Unknown,Missense
COSMIC,1783324,Endometrium,X,41346946,41346946,P568L,c.1703C>T,Unknown,Missense
COSMIC,2197417,Central nervous system,X,41346946,41346946,P568L,c.1703C>T,Unknown,Missense
COSMIC,2479245,Haematopoietic and lymphoid,X,41346946,41346946,P568L,c.1703C>T,Unknown,Missense
COSMIC,2730483,Haematopoietic and lymphoid,X,41346946,41346946,P568L,c.1703C>T,Unknown,Missense
COSMIC,1765207,Lung,X,41346954,41346954,L571I,c.1711T>A,Unknown,Missense
COSMIC,2367425,Pancreas,X,41346967,41346967,A575D,c.1724C>A,Unknown,Missense
COSMIC,2729332,Ovary,X,41346972,41346972,E577K,c.1729G>A,Unknown,Missense
COSMIC,2729333,Ovary,X,41346972,41346972,E577K,c.1729G>A,Unknown,Missense
COSMIC,2729334,Ovary,X,41346972,41346972,E577K,c.1729G>A,Unknown,Missense
COSMIC,2575081,Prostate,X,41347006,41347006,S588C,c.1763C>G,Unknown,Missense
COSMIC,2575189,Prostate,X,41347006,41347006,S588C,c.1763C>G,Unknown,Missense
COSMIC,2385776,Urinary tract,X,41347013,41347013,?,c.1769+1G>T,Unknown,Unclassified
COSMIC,2385277,Haematopoietic and lymphoid,X,41347311,41347311,?,c.1770-1G>A,Unknown,Unclassified
COSMIC,2385750,Urinary tract,X,41347337,41347337,A599S,c.1795G>T,Unknown,Missense
COSMIC,2542720,Haematopoietic and lymphoid,X,41347349,41347349,R603*,c.1807C>T,Unknown,Nonsense
COSMIC,2785207,Haematopoietic and lymphoid,X,41347349,41347349,R603*,c.1807C>T,Unknown,Nonsense
COSMIC,1783409,Endometrium,X,41347349,41347359,Q604fs*23,c.1807_1817del11,Unknown,Frameshift
COSMIC,1863731,Lung,X,41347374,41347374,S611Y,c.1832C>A,Unknown,Missense
COSMIC,2340582,Urinary tract,X,41347378,41347379,S614fs*17,c.1836_1837insT,Unknown,Frameshift
COSMIC,1914091,Lung,X,41347394,41347394,A618T,c.1852G>A,Unknown,Missense
COSMIC,2658244,Large intestine,X,41347406,41347406,R622C,c.1864C>T,Unknown,Missense
COSMIC,2776270,Lung,X,41347413,41347413,G624D,c.1871G>A,Unknown,Missense
COSMIC,2658444,Large intestine,X,41347415,41347415,G625R,c.1873G>A,Unknown,Missense
COSMIC,2634354,Liver,X,41347422,41347422,G627V,c.1880G>T,Unknown,Missense
COSMIC,1783421,Endometrium,X,41347437,41347437,R632I,c.1895G>T,Unknown,Missense
COSMIC,2688642,Skin,X,41347437,41347437,R632T,c.1895G>C,Unknown,Missense
COSMIC,2776238,Lung,X,41347437,41347437,R632T,c.1895G>C,Unknown,Missense
COSMIC,2457405,Urinary tract,X,41347437,41347437,R632K,c.1895G>A,Unknown,Missense
COSMIC,2668148,Breast,X,41347445,41347445,G635S,c.1903G>A,Unknown,Missense
COSMIC,2662643,Breast,X,41347445,41347445,G635S,c.1903G>A,Unknown,Missense
COSMIC,2549394,Large intestine,X,41347648,41347648,G640R,c.1918G>A,Unknown,Missense
COSMIC,2635091,Thyroid,X,41347663,41347663,S645G,c.1933A>G,Unknown,Missense
COSMIC,2745040,Thyroid,X,41347663,41347663,S645G,c.1933A>G,Unknown,Missense
COSMIC,2339180,Urinary tract,X,41347676,41347676,G649E,c.1946G>A,Unknown,Missense
COSMIC,2433488,Large intestine,X,41347688,41347688,N653S,c.1958A>G,Unknown,Missense
COSMIC,2293720,Large intestine,X,41347694,41347694,Q655R,c.1964A>G,Unknown,Missense
COSMIC,1765263,Lung,X,41347695,41347695,Q655H,c.1965G>T,Unknown,Missense
COSMIC,2263030,Skin,X,41347702,41347702,D658Y,c.1972G>T,Unknown,Missense
COSMIC,2635089,Thyroid,X,41347704,41347704,D658E,c.1974C>A,Unknown,Missense
COSMIC,2745038,Thyroid,X,41347704,41347704,D658E,c.1974C>A,Unknown,Missense
COSMIC,1560534,Upper aerodigestive tract,X,41347717,41347717,*663G,c.1987T>G,Unknown,Nonsense
COSMIC,2434060,Haematopoietic and lymphoid,X,NA,NA,0,c.1_1989del1989,Unknown,Missense
COSMIC,2592215,Haematopoietic and lymphoid,X,NA,NA,G11W,c.?,Unknown,Missense
COSMIC,2777266,Haematopoietic and lymphoid,X,NA,NA,S23fs*?,c.?,Unknown,Frameshift
COSMIC,2777275,Haematopoietic and lymphoid,X,NA,NA,W127*,c.?,Unknown,Nonsense
COSMIC,2777253,Haematopoietic and lymphoid,X,NA,NA,F151fs*?,c.?,Unknown,Frameshift
COSMIC,2777277,Haematopoietic and lymphoid,X,NA,NA,I190del,c.?,Unknown,Nonsense
COSMIC,2777289,Haematopoietic and lymphoid,X,NA,NA,E277K,c.?,Unknown,Missense
COSMIC,2777225,Haematopoietic and lymphoid,X,NA,NA,G303fs*?,c.?,Unknown,Frameshift
COSMIC,2777261,Haematopoietic and lymphoid,X,NA,NA,M355V,c.?,Unknown,Missense
COSMIC,2777265,Haematopoietic and lymphoid,X,NA,NA,E366*,c.?,Unknown,Nonsense
COSMIC,2777248,Haematopoietic and lymphoid,X,NA,NA,E449_T450>DP,c.?,Unknown,Missense
COSMIC,2777213,Haematopoietic and lymphoid,X,NA,NA,R475C,c.?,Unknown,Missense
COSMIC,2777216,Haematopoietic and lymphoid,X,NA,NA,E482*,c.?,Unknown,Nonsense
COSMIC,2777283,Haematopoietic and lymphoid,X,NA,NA,E524*,c.?,Unknown,Nonsense
COSMIC,2777232,Haematopoietic and lymphoid,X,NA,NA,W570S,c.?,Unknown,Missense
COSMIC,2777221,Haematopoietic and lymphoid,X,NA,NA,K581fs*?,c.?,Unknown,Frameshift
COSMIC,2777220,Haematopoietic and lymphoid,X,NA,NA,?,c.?,Unknown,Unclassified
ICGC,DO48398,Urinary tract,X,41201775,41201775,Y104*,312C>G,stop_gained,Nonsense
ICGC,DO48398,Urinary tract,X,41201775,41201775,Y148*,444C>G,stop_gained,Nonsense
ICGC,DO48372,Urinary tract,X,41205605,41205605,R480K,1439G>A,missense_variant,Missense
ICGC,DO48372,Urinary tract,X,41205605,41205605,R464K,1391G>A,missense_variant,Missense
ICGC,DO51939,Urinary tract,X,41201840,41201840,R126P,377G>C,missense_variant,Missense
ICGC,DO51939,Urinary tract,X,41201840,41201840,R110P,329G>C,missense_variant,Missense
ICGC,DO51939,Urinary tract,X,41201840,41201840,R170P,509G>C,missense_variant,Missense
ICGC,DO51921,Urinary tract,X,41206631,41206631,S612S?,NA,frameshift_variant,Unclassified
ICGC,DO51921,Urinary tract,X,41206631,41206631,S596S?,NA,frameshift_variant,Unclassified
ICGC,DO51925,Urinary tract,X,41206929,41206929,G649E,1946G>A,missense_variant,Missense
ICGC,DO51925,Urinary tract,X,41206929,41206929,G633E,1898G>A,missense_variant,Missense
ICGC,DO51927,Urinary tract,X,41204702,41204702,G390*,1168G>T,stop_gained,Nonsense
ICGC,DO223588,Urinary tract,X,41201848,41201848,D129Y,385G>T,missense_variant,Missense
ICGC,DO219008,Urinary tract,X,41206590,41206590,A583S,1747G>T,missense_variant,Missense
ICGC,DO219005,Urinary tract,X,41203612,41203612,D329H,985G>C,missense_variant,Missense
ICGC,DO219005,Urinary tract,X,41203612,41203612,D313H,937G>C,missense_variant,Missense
ICGC,DO219093,Urinary tract,X,41196683,41196683,S23F,68C>T,missense_variant,Missense
ICGC,DO219093,Urinary tract,X,41196683,41196683,S67F,200C>T,missense_variant,Missense
ICGC,DO219070,Urinary tract,X,41204495,41204495,R347K,1040G>A,missense_variant,Missense
ICGC,DO452,Urinary tract,X,41204468,41204468,D354V,1061A>T,missense_variant,Missense
ICGC,DO452,Urinary tract,X,41204468,41204468,D354V,1061A>T,missense_variant,Missense
ICGC,DO224598,Breast,X,41205511,41205511,E449*,1345G>T,stop_gained,Nonsense
ICGC,DO224598,Breast,X,41205511,41205511,E433*,1297G>T,stop_gained,Nonsense
ICGC,DO224598,Breast,X,41205529,41205529,D455Y,1363G>T,missense_variant,Missense
ICGC,DO224598,Breast,X,41205529,41205529,D439Y,1315G>T,missense_variant,Missense
ICGC,DO1010,Breast,X,41205529,41205529,D455Y,1363G>T,missense_variant,Missense
ICGC,DO1010,Breast,X,41205529,41205529,D439Y,1315G>T,missense_variant,Missense
ICGC,DO1010,Breast,X,41205529,41205529,D455Y,1363G>T,missense_variant,Missense
ICGC,DO1010,Breast,X,41205529,41205529,D439Y,1315G>T,missense_variant,Missense
ICGC,DO1010,Breast,X,41205529,41205529,D455Y,1363G>T,missense_variant,Missense
ICGC,DO1010,Breast,X,41205529,41205529,D439Y,1315G>T,missense_variant,Missense
ICGC,DO1749,Breast,X,41200788,41200788,A68V,203C>T,missense_variant,Missense
ICGC,DO1749,Breast,X,41200788,41200788,A52V,155C>T,missense_variant,Missense
ICGC,DO2819,Breast,X,41196696,41196696,Q71H,213G>C,missense_variant,Missense
ICGC,DO2819,Breast,X,41196696,41196696,Q27H,81G>C,missense_variant,Missense
ICGC,DO2819,Breast,X,41196696,41196696,Q27H,81G>C,missense_variant,Missense
ICGC,DO1285,Breast,X,41203505,41203505,S277Y,830C>A,missense_variant,Missense
ICGC,DO1273,Breast,X,41206702,41206702,G620E,1859G>A,missense_variant,Missense
ICGC,DO3910,Breast,X,41204455,41204455,D350N,1048G>A,missense_variant,Missense
ICGC,DO2401,Breast,X,41206171,41206171,L543I,1627C>A,missense_variant,Missense
ICGC,DO3458,Breast,X,41201888,41201888,P126L,377C>T,missense_variant,Missense
ICGC,DO3458,Breast,X,41201888,41201888,P142L,425C>T,missense_variant,Missense
ICGC,DO3458,Breast,X,41201888,41201888,P186L,557C>T,missense_variant,Missense
ICGC,DO6048,Breast,X,41205487,41205487,D441H,1321G>C,missense_variant,Missense
ICGC,DO219733,Cervix,X,41205858,41205858,G533E,1598G>A,missense_variant,Missense
ICGC,DO51644,Cervix,X,41201902,41201902,E191*,571G>T,stop_gained,Nonsense
ICGC,DO51644,Cervix,X,41201902,41201902,E131*,391G>T,stop_gained,Nonsense
ICGC,DO51639,Cervix,X,41201855,41201855,S175*,524C>G,stop_gained,Nonsense
ICGC,DO51639,Cervix,X,41201855,41201855,S115*,344C>G,stop_gained,Nonsense
ICGC,DO49983,Cervix,X,41205783,41205783,S492L,1475C>T,missense_variant,Missense
ICGC,DO49902,Cervix,X,41193508,41193508,M1I,3G>C,start_lost,Missense
ICGC,DO49908,Cervix,X,41201837,41201837,S125I?,NA,frameshift_variant,Unclassified
ICGC,DO44388,Cervix,X,41205855,41205855,T532M,1595C>T,missense_variant,Missense
ICGC,DO223732,Cervix,X,41202502,41202502,G193R,577G>A,missense_variant,Missense
ICGC,DO223732,Cervix,X,41203305,41203305,R263H,788G>A,missense_variant,Missense
ICGC,DO6275,Cervix,X,41202541,41202541,V250L,748G>T,missense_variant,Missense
ICGC,DO6275,Cervix,X,41202541,41202541,V206L,616G>T,missense_variant,Missense
ICGC,DO49008,Cervix,X,41203604,41203604,R310H,929G>A,missense_variant,Missense
ICGC,DO6988,Haematopoietic and lymphoid,X,41204715,41204715,S394F,1181C>T,missense_variant,Missense
ICGC,DO6988,Haematopoietic and lymphoid,X,41204715,41204715,S394F,1181C>T,missense_variant,Missense
ICGC,DO223370,Haematopoietic and lymphoid,X,41205627,41205627,F487L,1461C>A,missense_variant,Missense
ICGC,DO223386,Haematopoietic and lymphoid,X,41203592,41203592,A322V,965C>T,missense_variant,Missense
ICGC,DO223386,Haematopoietic and lymphoid,X,41203592,41203592,A322V,965C>T,missense_variant,Missense
ICGC,DO223481,Haematopoietic and lymphoid,X,41202050,41202050,V168,NA,frameshift_variant,Missense
ICGC,DO223481,Haematopoietic and lymphoid,X,41202050,41202050,V152,NA,frameshift_variant,Missense
ICGC,DO223586,Haematopoietic and lymphoid,X,41204513,41204513,T369N?,NA,frameshift_variant,Unclassified
ICGC,DO6504,Haematopoietic and lymphoid,X,41203616,41203616,M330K,989T>A,missense_variant,Missense
ICGC,DO6504,Haematopoietic and lymphoid,X,41203616,41203616,M330K,989T>A,missense_variant,Missense
ICGC,DO6504,Haematopoietic and lymphoid,X,41203616,41203616,M330K,989T>A,missense_variant,Missense
ICGC,DO6504,Haematopoietic and lymphoid,X,41203616,41203616,M330K,989T>A,missense_variant,Missense
ICGC,DO7394,Haematopoietic and lymphoid,X,41205520,41205520,K452E,1354A>G,missense_variant,Missense
ICGC,DO7394,Haematopoietic and lymphoid,X,41205520,41205520,K452E,1354A>G,missense_variant,Missense
ICGC,DO9002,Large intestine,X,41204756,41204756,E424*,1270G>T,stop_gained,Nonsense
ICGC,DO9002,Large intestine,X,41204756,41204756,E408*,1222G>T,stop_gained,Nonsense
ICGC,DO8224,Large intestine,X,41201825,41201825,R165H,494G>A,missense_variant,Missense
ICGC,DO8224,Large intestine,X,41201825,41201825,R105H,314G>A,missense_variant,Missense
ICGC,DO8264,Large intestine,X,41201800,41201800,R97G,289A>G,missense_variant,Missense
ICGC,DO8264,Large intestine,X,41201800,41201800,R113G,337A>G,missense_variant,Missense
ICGC,DO8264,Large intestine,X,41201800,41201800,R157G,469A>G,missense_variant,Missense
ICGC,DO8264,Large intestine,X,41201800,41201800,R113G,337A>G,missense_variant,Missense
ICGC,DO8360,Large intestine,X,41205800,41205800,I498V,1492A>G,missense_variant,Missense
ICGC,DO8360,Large intestine,X,41205800,41205800,I498V,1492A>G,missense_variant,Missense
ICGC,DO227974,Large intestine,X,41206901,41206901,G640R,1918G>A,missense_variant,Missense
ICGC,DO227974,Large intestine,X,41206901,41206901,G624R,1870G>A,missense_variant,Missense
ICGC,DO229016,Large intestine,X,41193920,41193920,R25S,75G>T,missense_variant,Missense
ICGC,DO219918,Haematopoietic and lymphoid,X,41206603,41206603,R587Q,1760G>A,missense_variant,Missense
ICGC,DO219918,Haematopoietic and lymphoid,X,41206603,41206603,R603Q,1808G>A,missense_variant,Missense
ICGC,DO219914,Haematopoietic and lymphoid,X,41203552,41203552,Q293*,877C>T,stop_gained,Nonsense
ICGC,DO222309,Haematopoietic and lymphoid,X,41205837,41205837,V526G,1577T>G,missense_variant,Missense
ICGC,DO222630,Oesophagus,X,41206133,41206134,N530,NA,frameshift_variant,Missense
ICGC,DO222630,Oesophagus,X,41206133,41206134,N546,NA,frameshift_variant,Missense
ICGC,DO233170,Stomach,X,41202530,41202530,R202L,605G>T,missense_variant,Missense
ICGC,DO233170,Stomach,X,41202530,41202530,R186L,557G>T,missense_variant,Missense
ICGC,DO233094,Stomach,X,41205597,41205597,Q477H,1431G>T,missense_variant,Missense
ICGC,DO233094,Stomach,X,41205597,41205597,Q461H,1383G>T,missense_variant,Missense
ICGC,DO233634,Stomach,X,41206246,41206246,S568G,1702A>G,missense_variant,Missense
ICGC,DO233634,Stomach,X,41205795,41205795,H496P,1487A>C,missense_variant,Missense
ICGC,DO233641,Stomach,X,41202040,41202040,D165G,494A>G,missense_variant,Missense
ICGC,DO233689,Stomach,X,41203570,41203570,R299C,895C>T,missense_variant,Missense
ICGC,DO233884,Stomach,X,41193886,41193886,A14V,41C>T,missense_variant,Missense
ICGC,DO233867,Stomach,X,41205517,41205517,K435,NA,frameshift_variant,Missense
ICGC,DO233944,Stomach,X,41205590,41205590,R459H,1376G>A,missense_variant,Missense
ICGC,DO13863,Central nervous system,X,41203301,41203301,R246C,736C>T,missense_variant,Missense
ICGC,DO13863,Central nervous system,X,41203305,41203305,R263H,788G>A,missense_variant,Missense
ICGC,DO11854,Central nervous system,X,41201795,41201795,G111D,332G>A,missense_variant,Missense
ICGC,DO11854,Central nervous system,X,41201795,41201795,G155D,464G>A,missense_variant,Missense
ICGC,DO14990,Upper aerodigestive tract,X,41206210,41206210,E556Q,1666G>C,missense_variant,Missense
ICGC,DO14990,Upper aerodigestive tract,X,41206168,41206168,D558H,1672G>C,missense_variant,Missense
ICGC,DO14830,Upper aerodigestive tract,X,41196718,41196718,K79E?,NA,frameshift_variant,Unclassified
ICGC,DO14830,Upper aerodigestive tract,X,41196718,41196718,K35E?,NA,frameshift_variant,Unclassified
ICGC,DO49062,Upper aerodigestive tract,X,41204723,41204723,E397R?,NA,frameshift_variant,Unclassified
ICGC,DO50004,Upper aerodigestive tract,X,41203625,41203625,R317T,950G>C,missense_variant,Missense
ICGC,DO219080,Upper aerodigestive tract,X,41205821,41205821,D505H,1513G>C,missense_variant,Missense
ICGC,DO219080,Upper aerodigestive tract,X,41205821,41205821,D521H,1561G>C,missense_variant,Missense
ICGC,DO219080,Upper aerodigestive tract,X,41205605,41205605,R464T,1391G>C,missense_variant,Missense
ICGC,DO219080,Upper aerodigestive tract,X,41205605,41205605,R480T,1439G>C,missense_variant,Missense
ICGC,DO219062,Upper aerodigestive tract,X,41193508,41193508,M1I,3G>C,start_lost,Missense
ICGC,DO219062,Upper aerodigestive tract,X,41193508,41193508,M1I,3G>C,start_lost,Missense
ICGC,DO20406,Kidney,X,41203496,41203496,S274L,821C>T,missense_variant,Missense
ICGC,DO16607,Kidney,X,41202084,41202084,E224Q,670G>C,missense_variant,Missense
ICGC,DO16607,Kidney,X,41202084,41202084,E180Q,538G>C,missense_variant,Missense
ICGC,DO20768,Kidney,X,41198303,41198303,P40S,118C>T,missense_variant,Missense
ICGC,DO20768,Kidney,X,41198303,41198303,P84S,250C>T,missense_variant,Missense
ICGC,DO20768,Kidney,X,41198303,41198303,P40S,118C>T,missense_variant,Missense
ICGC,DO20768,Kidney,X,41198303,41198303,P84S,250C>T,missense_variant,Missense
ICGC,DO20934,Kidney,X,41203029,41203029,S224I,671G>T,missense_variant,Missense
ICGC,DO225400,Haematopoietic and lymphoid,X,41205855,41205855,T516M,1547C>T,missense_variant,Missense
ICGC,DO21023,Haematopoietic and lymphoid,X,41203603,41203603,R310C,928C>T,missense_variant,Missense
ICGC,DO22113,Central nervous system,X,41202025,41202025,F204S,611T>C,missense_variant,Missense
ICGC,DO22113,Central nervous system,X,41202025,41202025,F144S,431T>C,missense_variant,Missense
ICGC,DO22391,Central nervous system,X,41204458,41204458,R351W,1051C>T,missense_variant,Missense
ICGC,DO228948,Liver,X,41202053,41202053,E153D,459G>T,missense_variant,Missense
ICGC,DO228948,Liver,X,41202053,41202053,E169D,507G>T,missense_variant,Missense
ICGC,DO228963,Liver,X,41203501,41203501,R276*,826C>T,stop_gained,Nonsense
ICGC,DO228963,Liver,X,41203501,41203501,P307L,920C>T,missense_variant,Missense
ICGC,DO228974,Liver,X,41202039,41202039,D149Y,445G>T,missense_variant,Missense
ICGC,DO228974,Liver,X,41202039,41202039,D165Y,493G>T,missense_variant,Missense
ICGC,DO228974,Liver,X,41202478,41202478,V229F,685G>T,missense_variant,Missense
ICGC,DO228974,Liver,X,41202478,41202478,V185F,553G>T,missense_variant,Missense
ICGC,DO228974,Liver,X,41206960,41206960,W659C,1977G>T,missense_variant,Missense
ICGC,DO228976,Liver,X,41201866,41201866,D119Y,355G>T,missense_variant,Missense
ICGC,DO228976,Liver,X,41201866,41201866,D179Y,535G>T,missense_variant,Missense
ICGC,DO229018,Liver,X,41206168,41206168,D558Y,1672G>T,missense_variant,Missense
ICGC,DO229018,Liver,X,41206168,41206168,D542Y,1624G>T,missense_variant,Missense
ICGC,DO229029,Liver,X,41203535,41203535,G303V,908G>T,missense_variant,Missense
ICGC,DO229028,Liver,X,41206959,41206959,W136L,407G>T,missense_variant,Missense
ICGC,DO229028,Liver,X,41206959,41206959,W659L,1976G>T,missense_variant,Missense
ICGC,DO229030,Liver,X,41200847,41200847,R88C,262C>T,missense_variant,Missense
ICGC,DO229032,Liver,X,41203577,41203577,C317F,950G>T,missense_variant,Missense
ICGC,DO229034,Liver,X,41203537,41203537,A304S,910G>T,missense_variant,Missense
ICGC,DO229036,Liver,X,41201844,41201844,W127C,381G>T,missense_variant,Missense
ICGC,DO229036,Liver,X,41201844,41201844,W171C,513G>T,missense_variant,Missense
ICGC,DO229036,Liver,X,41201844,41201844,W111C,333G>T,missense_variant,Missense
ICGC,DO229035,Liver,X,41204474,41204474,G340V,1019G>T,missense_variant,Missense
ICGC,DO229038,Liver,X,41201991,41201991,E149*,445G>T,stop_gained,Nonsense
ICGC,DO229037,Liver,X,41203004,41203004,A216S,646G>T,missense_variant,Missense
ICGC,DO229051,Liver,X,41201855,41201855,S175*,524C>A,stop_gained,Nonsense
ICGC,DO229051,Liver,X,41201855,41201855,S131*,392C>A,stop_gained,Nonsense
ICGC,DO229054,Liver,X,41204503,41204503,E350K,1048G>A,missense_variant,Missense
ICGC,DO229054,Liver,X,41206675,41206675,G611V,1832G>T,missense_variant,Missense
ICGC,DO229054,Liver,X,41206675,41206675,G627V,1880G>T,missense_variant,Missense
ICGC,DO23142,Liver,X,41205834,41205834,Y525C,1574A>G,missense_variant,Missense
ICGC,DO45045,Liver,X,41205834,41205834,Y525C,1574A>G,missense_variant,Missense
ICGC,DO45045,Liver,X,41205834,41205834,Y525C,1574A>G,missense_variant,Missense
ICGC,DO45307,Liver,X,41205514,41205514,T450A,1348A>G,missense_variant,Missense
ICGC,DO48746,Liver,X,41200809,41200810,R119,NA,frameshift_variant,Missense
ICGC,DO48746,Liver,X,41200807,41200838,SRSDSRGKSSFF74,NA,frameshift_variant,Missense
ICGC,DO48746,Liver,X,41200807,41200838,SRSDSRGKSSFF58,NA,frameshift_variant,Missense
ICGC,DO48689,Liver,X,41196686,41196686,S24*,71C>A,stop_gained,Nonsense
ICGC,DO48689,Liver,X,41196686,41196686,S68*,203C>A,stop_gained,Nonsense
ICGC,DO48689,Liver,X,41196686,41196686,S24*,71C>A,stop_gained,Nonsense
ICGC,DO48689,Liver,X,41196686,41196686,S68*,203C>A,stop_gained,Nonsense
ICGC,DO23542,Liver,X,41205776,41205776,D506*?,NA,frameshift_variant,Nonsense
ICGC,DO23542,Liver,X,41205776,41205776,D490*?,NA,frameshift_variant,Nonsense
ICGC,DO23542,Liver,X,41205776,41205776,D506*?,NA,frameshift_variant,Nonsense
ICGC,DO23542,Liver,X,41205776,41205776,D490*?,NA,frameshift_variant,Nonsense
ICGC,DO24120,Lung,X,41206647,41206647,A602T,1804G>A,missense_variant,Missense
ICGC,DO24120,Lung,X,41206647,41206647,A618T,1852G>A,missense_variant,Missense
ICGC,DO23645,Lung,X,41196688,41196688,D69N,205G>A,missense_variant,Missense
ICGC,DO23645,Lung,X,41196688,41196688,D25N,73G>A,missense_variant,Missense
ICGC,DO24800,Lung,X,41203341,41203341,T275M,824C>T,missense_variant,Missense
ICGC,DO230529,Lung,X,41206118,41206118,A525V,1574C>T,missense_variant,Missense
ICGC,DO230532,Lung,X,41202004,41202004,G137V,410G>T,missense_variant,Missense
ICGC,DO230532,Lung,X,41202004,41202004,G153V,458G>T,missense_variant,Missense
ICGC,DO26432,Lung,X,41204467,41204467,D354Y,1060G>T,missense_variant,Missense
ICGC,DO26790,Lung,X,41204663,41204663,A377T,1129G>A,missense_variant,Missense
ICGC,DO26790,Lung,X,41204663,41204663,A393T,1177G>A,missense_variant,Missense
ICGC,DO26641,Lung,X,41201857,41201857,D132N,394G>A,missense_variant,Missense
ICGC,DO26641,Lung,X,41201857,41201857,D176N,526G>A,missense_variant,Missense
ICGC,DO26641,Lung,X,41201857,41201857,D116N,346G>A,missense_variant,Missense
ICGC,DO45456,Lung,X,41204766,41204766,K427T,1280A>C,missense_variant,Missense
ICGC,DO45456,Lung,X,41204766,41204766,K411T,1232A>C,missense_variant,Missense
ICGC,DO45546,Lung,X,41203316,41203316,P282H,845C>A,missense_variant,Missense
ICGC,DO45537,Lung,X,41198321,41198321,R46*,136C>T,stop_gained,Nonsense
ICGC,DO45537,Lung,X,41198321,41198321,R90*,268C>T,stop_gained,Nonsense
ICGC,DO52021,Lung,X,41206947,41206947,Q639R?,NA,frameshift_variant,Unclassified
ICGC,DO27807,Haematopoietic and lymphoid,X,41196704,41196704,G30GST?,NA,frameshift_variant,Unclassified
ICGC,DO27807,Haematopoietic and lymphoid,X,41196704,41196704,G30GST?,NA,frameshift_variant,Unclassified
ICGC,DO27807,Haematopoietic and lymphoid,X,41196704,41196704,G74GST?,NA,frameshift_variant,Unclassified
ICGC,DO27807,Haematopoietic and lymphoid,X,41196704,41196704,G30GST?,NA,frameshift_variant,Unclassified
ICGC,DO27807,Haematopoietic and lymphoid,X,41196704,41196704,G30GST?,NA,frameshift_variant,Unclassified
ICGC,DO27807,Haematopoietic and lymphoid,X,41196704,41196704,G74GST?,NA,frameshift_variant,Unclassified
ICGC,DO228221,Haematopoietic and lymphoid,X,41202556,41202556,I195V,583A>G,missense_variant,Missense
ICGC,DO228221,Haematopoietic and lymphoid,X,41202556,41202556,I211V,631A>G,missense_variant,Missense
ICGC,DO228253,Haematopoietic and lymphoid,X,41200829,41200829,S126P,376T>C,missense_variant,Missense
ICGC,DO228253,Haematopoietic and lymphoid,X,41200829,41200829,S82P,244T>C,missense_variant,Missense
ICGC,DO228271,Haematopoietic and lymphoid,X,41203535,41203535,G287D,860G>A,missense_variant,Missense
ICGC,DO27793,Haematopoietic and lymphoid,X,41205565,41205565,A451,NA,frameshift_variant,Missense
ICGC,DO27793,Haematopoietic and lymphoid,X,41205565,41205565,A467,NA,frameshift_variant,Missense
ICGC,DO27793,Haematopoietic and lymphoid,X,41205565,41205565,A451,NA,frameshift_variant,Missense
ICGC,DO27793,Haematopoietic and lymphoid,X,41205565,41205565,A467,NA,frameshift_variant,Missense
ICGC,DO27763,Haematopoietic and lymphoid,X,41205590,41205590,R475H,1424G>A,missense_variant,Missense
ICGC,DO27763,Haematopoietic and lymphoid,X,41205590,41205590,R475H,1424G>A,missense_variant,Missense
ICGC,DO228371,Haematopoietic and lymphoid,X,41204447,41204447,D347V,1040A>T,missense_variant,Missense
ICGC,DO228316,Haematopoietic and lymphoid,X,41204769,41204769,R428Q,1283G>A,missense_variant,Missense
ICGC,DO228403,Haematopoietic and lymphoid,X,41206175,41206175,L560P,1679T>C,missense_variant,Missense
ICGC,DO228406,Haematopoietic and lymphoid,X,41201870,41201870,W136*,407G>A,stop_gained,Nonsense
ICGC,DO228406,Haematopoietic and lymphoid,X,41201870,41201870,W180*,539G>A,stop_gained,Nonsense
ICGC,DO228568,Haematopoietic and lymphoid,X,41205625,41205625,F471L,1411T>C,missense_variant,Missense
ICGC,DO228527,Haematopoietic and lymphoid,X,41206117,41206117,A525T,1573G>A,missense_variant,Missense
ICGC,DO228537,Haematopoietic and lymphoid,X,41205861,41205861,R534H,1601G>A,missense_variant,Missense
ICGC,DO228616,Haematopoietic and lymphoid,X,41203332,41203332,L272S,815T>C,missense_variant,Missense
ICGC,DO220851,Skin,X,41206171,41206171,L559F,1675C>T,missense_variant,Missense
ICGC,DO220851,Skin,X,41206171,41206171,L559F,1675C>T,missense_variant,Missense
ICGC,DO220886,Skin,X,41203505,41203505,S293F,878C>T,missense_variant,Missense
ICGC,DO220886,Skin,X,41203505,41203505,S293F,878C>T,missense_variant,Missense
ICGC,DO220901,Skin,X,41203603,41203603,R310C,928C>T,missense_variant,Missense
ICGC,DO220901,Skin,X,41203603,41203603,R310C,928C>T,missense_variant,Missense
ICGC,DO220900,Skin,X,41204467,41204467,D338N,1012G>A,missense_variant,Missense
ICGC,DO220900,Skin,X,41204467,41204467,D338N,1012G>A,missense_variant,Missense
ICGC,DO222384,Skin,X,41203600,41203600,G325R,973G>A,missense_variant,Missense
ICGC,DO222396,Skin,X,41204563,41204563,P370S,1108C>T,missense_variant,Missense
ICGC,DO222396,Skin,X,41204563,41204563,P386S,1156C>T,missense_variant,Missense
ICGC,DO222420,Skin,X,41205848,41205849,G530N,1588GG>AA,missense_variant,Missense
ICGC,DO222420,Skin,X,41205848,41205849,G514N,1540GG>AA,missense_variant,Missense
ICGC,DO222429,Skin,X,41198307,41198307,P85L,254C>T,missense_variant,Missense
ICGC,DO222429,Skin,X,41198307,41198307,P41L,122C>T,missense_variant,Missense
ICGC,DO222521,Skin,X,41205607,41205607,E465K,1393G>A,missense_variant,Missense
ICGC,DO222562,Skin,X,41205842,41205842,R512C,1534C>T,missense_variant,Missense
ICGC,DO222562,Skin,X,41205842,41205842,R528C,1582C>T,missense_variant,Missense
ICGC,DO222632,Skin,X,41196686,41196686,S24*,71C>A,stop_gained,Nonsense
ICGC,DO222632,Skin,X,41196686,41196686,S24*,71C>A,stop_gained,Nonsense
ICGC,DO222653,Skin,X,41204563,41204563,P370S,1108C>T,missense_variant,Missense
ICGC,DO222653,Skin,X,41204563,41204563,P386S,1156C>T,missense_variant,Missense
ICGC,DO229130,Haematopoietic and lymphoid,X,41202060,41202060,G172S,514G>A,missense_variant,Missense
ICGC,DO229130,Haematopoietic and lymphoid,X,41202060,41202060,G156S,466G>A,missense_variant,Missense
ICGC,DO229130,Haematopoietic and lymphoid,X,41202060,41202060,G216S,646G>A,missense_variant,Missense
ICGC,DO229127,Haematopoietic and lymphoid,X,41204664,41204664,A393D,1178C>A,missense_variant,Missense
ICGC,DO229123,Haematopoietic and lymphoid,X,41202580,41202580,D219Y,655G>T,missense_variant,Missense
ICGC,DO50724,Upper aerodigestive tract,X,41203030,41203030,S224R,672T>A,missense_variant,Missense
ICGC,DO46493,Ovary,X,41205589,41205589,R459C,1375C>T,missense_variant,Missense
ICGC,DO46493,Ovary,X,41205589,41205589,R459C,1375C>T,missense_variant,Missense
ICGC,DO46493,Ovary,X,41205589,41205589,R459C,1375C>T,missense_variant,Missense
ICGC,DO28923,Ovary,X,41205559,41205559,G465*,1393G>T,stop_gained,Nonsense
ICGC,DO28541,Ovary,X,41206147,41206147,N551H,1651A>C,missense_variant,Missense
ICGC,DO46657,Pancreas,X,41204512,41204512,T353A,1057A>G,missense_variant,Missense
ICGC,DO49188,Pancreas,X,41200752,41200753,D100,NA,frameshift_variant,Missense
ICGC,DO33084,Pancreas,X,41201824,41201824,R105C,313C>T,missense_variant,Missense
ICGC,DO35442,Pancreas,X,41205854,41205854,T516A,1546A>G,missense_variant,Missense
ICGC,DO35442,Pancreas,X,41205854,41205854,T532A,1594A>G,missense_variant,Missense
ICGC,DO35442,Pancreas,X,41205854,41205854,T516A,1546A>G,missense_variant,Missense
ICGC,DO35442,Pancreas,X,41205854,41205854,T532A,1594A>G,missense_variant,Missense
ICGC,DO35442,Pancreas,X,41205854,41205854,T516A,1546A>G,missense_variant,Missense
ICGC,DO35442,Pancreas,X,41205854,41205854,T532A,1594A>G,missense_variant,Missense
ICGC,DO35442,Pancreas,X,41205854,41205854,T516A,1546A>G,missense_variant,Missense
ICGC,DO35442,Pancreas,X,41205854,41205854,T532A,1594A>G,missense_variant,Missense
ICGC,DO35424,Pancreas,X,41204468,41204468,D354G,1061A>G,missense_variant,Missense
ICGC,DO35424,Pancreas,X,41204468,41204468,D354G,1061A>G,missense_variant,Missense
ICGC,DO224745,Pancreas,X,41204468,41204468,D338V,1013A>T,missense_variant,Missense
ICGC,DO224745,Pancreas,X,41204468,41204468,D338V,1013A>T,missense_variant,Missense
ICGC,DO35759,Central nervous system,X,41203604,41203604,R326H,977G>A,missense_variant,Missense
ICGC,DO35761,Central nervous system,X,41205777,41205777,D506G,1517A>G,missense_variant,Missense
ICGC,DO35717,Central nervous system,X,41204477,41204477,F341S,1022T>C,missense_variant,Missense
ICGC,DO35710,Central nervous system,X,41202566,41202566,I258S,773T>G,missense_variant,Missense
ICGC,DO35710,Central nervous system,X,41202566,41202566,I198S,593T>G,missense_variant,Missense
ICGC,DO35710,Central nervous system,X,41202566,41202566,I214S,641T>G,missense_variant,Missense
ICGC,DO35706,Central nervous system,X,41204721,41204721,S412F,1235C>T,missense_variant,Missense
ICGC,DO227527,Central nervous system,X,41202581,41202581,D203G,608A>G,missense_variant,Missense
ICGC,DO227527,Central nervous system,X,41202581,41202581,D219G,656A>G,missense_variant,Missense
ICGC,DO227569,Central nervous system,X,41204458,41204458,R335W,1003C>T,missense_variant,Missense
ICGC,DO227584,Central nervous system,X,41204558,41204558,T384N,1151C>A,missense_variant,Missense
ICGC,DO227841,Central nervous system,X,41204547,41204547,M380I,1140G>T,missense_variant,Missense
ICGC,DO227866,Central nervous system,X,41205767,41205767,R487G,1459A>G,missense_variant,Missense
ICGC,DO227866,Central nervous system,X,41205767,41205767,R503G,1507A>G,missense_variant,Missense
ICGC,DO227933,Central nervous system,X,41202593,41202593,C207Y,620G>A,missense_variant,Missense
ICGC,DO227933,Central nervous system,X,41202593,41202593,C223Y,668G>A,missense_variant,Missense
ICGC,DO227933,Central nervous system,X,41203346,41203346,E261K,781G>A,missense_variant,Missense
ICGC,DO35656,Central nervous system,X,41203603,41203603,R326C,976C>T,missense_variant,Missense
ICGC,DO35650,Central nervous system,X,41205860,41205860,R518S,1552C>A,missense_variant,Missense
ICGC,DO35650,Central nervous system,X,41205860,41205860,R534S,1600C>A,missense_variant,Missense
ICGC,DO35666,Central nervous system,X,41204533,41204533,R376S,1126C>A,missense_variant,Missense
ICGC,DO35660,Central nervous system,X,41205589,41205589,R459C,1375C>T,missense_variant,Missense
ICGC,DO48946,Central nervous system,X,41205771,41205771,G488V,1463G>T,missense_variant,Missense
ICGC,DO48946,Central nervous system,X,41205771,41205771,G488V,1463G>T,missense_variant,Missense
ICGC,DO48944,Central nervous system,X,41203535,41203535,G287V,860G>T,missense_variant,Missense
ICGC,DO48944,Central nervous system,X,41203535,41203535,G287V,860G>T,missense_variant,Missense
ICGC,DO48939,Central nervous system,X,41204458,41204458,R351W,1051C>T,missense_variant,Missense
ICGC,DO48939,Central nervous system,X,41204458,41204458,R351W,1051C>T,missense_variant,Missense
ICGC,DO48914,Central nervous system,X,41206199,41206199,P552L,1655C>T,missense_variant,Missense
ICGC,DO48914,Central nervous system,X,41206199,41206199,P552L,1655C>T,missense_variant,Missense
ICGC,DO48914,Central nervous system,X,41206199,41206199,P552L,1655C>T,missense_variant,Missense
ICGC,DO48911,Central nervous system,X,41205652,41205652,V496M,1486G>A,missense_variant,Missense
ICGC,DO48911,Central nervous system,X,41205652,41205652,V496M,1486G>A,missense_variant,Missense
ICGC,DO48911,Central nervous system,X,41205652,41205652,V496M,1486G>A,missense_variant,Missense
ICGC,DO48905,Central nervous system,X,41203360,41203360,D297Y,889G>T,missense_variant,Missense
ICGC,DO48905,Central nervous system,X,41203360,41203360,Q281H,843G>T,missense_variant,Missense
ICGC,DO48905,Central nervous system,X,41203360,41203360,D297Y,889G>T,missense_variant,Missense
ICGC,DO48905,Central nervous system,X,41203360,41203360,Q281H,843G>T,missense_variant,Missense
ICGC,DO48905,Central nervous system,X,41203360,41203360,D297Y,889G>T,missense_variant,Missense
ICGC,DO48905,Central nervous system,X,41203360,41203360,Q281H,843G>T,missense_variant,Missense
ICGC,DO48904,Central nervous system,X,41202541,41202541,V190L,568G>C,missense_variant,Missense
ICGC,DO48904,Central nervous system,X,41202541,41202541,V206L,616G>C,missense_variant,Missense
ICGC,DO48904,Central nervous system,X,41202541,41202541,V250L,748G>C,missense_variant,Missense
ICGC,DO48904,Central nervous system,X,41202541,41202541,V190L,568G>C,missense_variant,Missense
ICGC,DO48904,Central nervous system,X,41202541,41202541,V206L,616G>C,missense_variant,Missense
ICGC,DO48904,Central nervous system,X,41202541,41202541,V250L,748G>C,missense_variant,Missense
ICGC,DO48904,Central nervous system,X,41205860,41205860,R518S,1552C>A,missense_variant,Missense
ICGC,DO48904,Central nervous system,X,41205860,41205860,R534S,1600C>A,missense_variant,Missense
ICGC,DO48904,Central nervous system,X,41205860,41205860,R518S,1552C>A,missense_variant,Missense
ICGC,DO48904,Central nervous system,X,41205860,41205860,R534S,1600C>A,missense_variant,Missense
ICGC,DO48904,Central nervous system,X,41205860,41205860,R518S,1552C>A,missense_variant,Missense
ICGC,DO48904,Central nervous system,X,41205860,41205860,R534S,1600C>A,missense_variant,Missense
ICGC,DO48907,Central nervous system,X,41204557,41204557,T384P,1150A>C,missense_variant,Missense
ICGC,DO48907,Central nervous system,X,41204557,41204557,T384P,1150A>C,missense_variant,Missense
ICGC,DO48907,Central nervous system,X,41204557,41204557,T384P,1150A>C,missense_variant,Missense
ICGC,DO48906,Central nervous system,X,41203346,41203346,E277Q,829G>C,missense_variant,Missense
ICGC,DO48906,Central nervous system,X,41203346,41203346,E277Q,829G>C,missense_variant,Missense
ICGC,DO48906,Central nervous system,X,41203346,41203346,E277Q,829G>C,missense_variant,Missense
ICGC,DO35593,Central nervous system,X,41205849,41205849,G530A,1589G>C,missense_variant,Missense
ICGC,DO35593,Central nervous system,X,41205849,41205849,G514A,1541G>C,missense_variant,Missense
ICGC,DO48899,Central nervous system,X,41203341,41203341,T259M,776C>T,missense_variant,Missense
ICGC,DO48899,Central nervous system,X,41203341,41203341,T259M,776C>T,missense_variant,Missense
ICGC,DO48899,Central nervous system,X,41203341,41203341,T259M,776C>T,missense_variant,Missense
ICGC,DO48895,Central nervous system,X,41204547,41204547,M380I,1140G>A,missense_variant,Missense
ICGC,DO48895,Central nervous system,X,41204547,41204547,M380I,1140G>A,missense_variant,Missense
ICGC,DO48895,Central nervous system,X,41204547,41204547,M380I,1140G>A,missense_variant,Missense
ICGC,DO48897,Central nervous system,X,41205860,41205860,R534C,1600C>T,missense_variant,Missense
ICGC,DO48897,Central nervous system,X,41205860,41205860,R518C,1552C>T,missense_variant,Missense
ICGC,DO48897,Central nervous system,X,41205860,41205860,R534C,1600C>T,missense_variant,Missense
ICGC,DO48897,Central nervous system,X,41205860,41205860,R518C,1552C>T,missense_variant,Missense
ICGC,DO48891,Central nervous system,X,41204458,41204458,R351W,1051C>T,missense_variant,Missense
ICGC,DO48891,Central nervous system,X,41204458,41204458,R351W,1051C>T,missense_variant,Missense
ICGC,DO48893,Central nervous system,X,41202565,41202565,I198KI,NA,inframe_insertion,Missense
ICGC,DO48893,Central nervous system,X,41202565,41202565,I214KI,NA,inframe_insertion,Missense
ICGC,DO48893,Central nervous system,X,41202565,41202565,I258KI,NA,inframe_insertion,Missense
ICGC,DO48893,Central nervous system,X,41202565,41202565,I198KI,NA,inframe_insertion,Missense
ICGC,DO48893,Central nervous system,X,41202565,41202565,I214KI,NA,inframe_insertion,Missense
ICGC,DO48892,Central nervous system,X,41204728,41204730,NI414N,NA,inframe_deletion,Missense
ICGC,DO48892,Central nervous system,X,41204728,41204730,NI398N,NA,inframe_deletion,Missense
ICGC,DO48892,Central nervous system,X,41204728,41204730,NI414N,NA,inframe_deletion,Missense
ICGC,DO48892,Central nervous system,X,41204728,41204730,NI398N,NA,inframe_deletion,Missense
ICGC,DO48892,Central nervous system,X,41204728,41204730,NI414N,NA,inframe_deletion,Missense
ICGC,DO48892,Central nervous system,X,41204728,41204730,NI398N,NA,inframe_deletion,Missense
ICGC,DO35568,Central nervous system,X,41203613,41203613,D329V,986A>T,missense_variant,Missense
ICGC,DO35568,Central nervous system,X,41203613,41203613,D329V,986A>T,missense_variant,Missense
ICGC,DO35568,Central nervous system,X,41203613,41203613,D329V,986A>T,missense_variant,Missense
ICGC,DO35563,Central nervous system,X,41203603,41203603,R326C,976C>T,missense_variant,Missense
ICGC,DO35563,Central nervous system,X,41203603,41203603,R326C,976C>T,missense_variant,Missense
ICGC,DO35540,Central nervous system,X,41204547,41204547,M380I,1140G>T,missense_variant,Missense
ICGC,DO35540,Central nervous system,X,41204547,41204547,M380I,1140G>T,missense_variant,Missense
ICGC,DO35540,Central nervous system,X,41204547,41204547,M380I,1140G>T,missense_variant,Missense
ICGC,DO232736,Central nervous system,X,41204541,41204541,T362TC,NA,disruptive_inframe_insertion,Missense
ICGC,DO232761,Central nervous system,X,41203502,41203502,R292Q,875G>A,missense_variant,Missense
ICGC,DO232761,Central nervous system,X,41203502,41203502,R276Q,827G>A,missense_variant,Missense
ICGC,DO232991,Central nervous system,X,41205855,41205855,T516M,1547C>T,missense_variant,Missense
ICGC,DO232909,Central nervous system,X,41204763,41204766,DK426,NA,frameshift_variant,Missense
ICGC,DO232910,Central nervous system,X,41193508,41193508,M1I,3G>T,start_lost,Missense
ICGC,DO233045,Central nervous system,X,41204451,41204451,E332D,996A>T,missense_variant,Missense
ICGC,DO51105,Prostate,X,41205777,41205780,DI490,NA,frameshift_variant,Missense
ICGC,DO51105,Prostate,X,41205777,41205780,DI490,NA,frameshift_variant,Missense
ICGC,DO51407,Prostate,X,41205566,41205566,A467V,1400C>T,missense_variant,Missense
ICGC,DO220073,Other,X,41206162,41206162,L540M,1618T>A,missense_variant,Missense
ICGC,DO220073,Other,X,41206163,41206163,L556*,1667T>A,stop_gained,Nonsense
ICGC,DO219878,Skin,X,41204563,41204563,P370S,1108C>T,missense_variant,Missense
ICGC,DO219878,Skin,X,41204563,41204563,P386S,1156C>T,missense_variant,Missense
ICGC,DO229491,Skin,X,41204737,41204737,Q417H,1251G>C,missense_variant,Missense
ICGC,DO218874,Skin,X,41203370,41203370,E269K,805G>A,missense_variant,Missense
ICGC,DO218874,Skin,X,41203370,41203370,E285K,853G>A,missense_variant,Missense
ICGC,DO218849,Skin,X,41200763,41200763,W60C?,NA,frameshift_variant,Unclassified
ICGC,DO218849,Skin,X,41200763,41200763,W44C?,NA,frameshift_variant,Unclassified
ICGC,DO218849,Skin,X,41200763,41200763,W104C?,NA,frameshift_variant,Unclassified
ICGC,DO218849,Skin,X,41200763,41200763,W60C?,NA,frameshift_variant,Unclassified
ICGC,DO37623,Skin,X,41206171,41206171,L559F,1675C>T,missense_variant,Missense
ICGC,DO37547,Skin,X,41204554,41204554,A367T,1099G>A,missense_variant,Missense
ICGC,DO37523,Skin,X,41205553,41205553,H463N,1387C>A,missense_variant,Missense
ICGC,DO37571,Skin,X,41196686,41196686,S24*,71C>A,stop_gained,Nonsense
ICGC,DO37571,Skin,X,41196686,41196686,S24*,71C>A,stop_gained,Nonsense
ICGC,DO37896,Skin,X,41202598,41202598,Q269*,805C>T,stop_gained,Nonsense
ICGC,DO37896,Skin,X,41202598,41202598,Q209*,625C>T,stop_gained,Nonsense
ICGC,DO37896,Skin,X,41202598,41202598,Q225*,673C>T,stop_gained,Nonsense
ICGC,DO37886,Skin,X,41206231,41206231,H563N,1687C>A,missense_variant,Missense
ICGC,DO37851,Skin,X,41201791,41201791,R110S,328C>A,missense_variant,Missense
ICGC,DO37839,Skin,X,41203370,41203370,E269K,805G>A,missense_variant,Missense
ICGC,DO37839,Skin,X,41203370,41203370,E285K,853G>A,missense_variant,Missense
ICGC,DO37831,Skin,X,41203558,41203558,R311*,931C>T,stop_gained,Nonsense
ICGC,DO37418,Skin,X,41202524,41202524,Y200S,599A>C,missense_variant,Missense
ICGC,DO37418,Skin,X,41202524,41202524,Y184S,551A>C,missense_variant,Missense
ICGC,DO37418,Skin,X,41202524,41202524,Y244S,731A>C,missense_variant,Missense
ICGC,DO37408,Skin,X,41198307,41198307,P85L,254C>T,missense_variant,Missense
ICGC,DO37408,Skin,X,41198307,41198307,P41L,122C>T,missense_variant,Missense
ICGC,DO37407,Skin,X,41200802,41200802,G73*,217G>T,stop_gained,Nonsense
ICGC,DO37474,Skin,X,41204721,41204721,S396F,1187C>T,missense_variant,Missense
ICGC,DO37474,Skin,X,41204721,41204721,S396F,1187C>T,missense_variant,Missense
ICGC,DO37436,Skin,X,41206947,41206947,Q655R?,NA,frameshift_variant,Unclassified
ICGC,DO37436,Skin,X,41206947,41206947,Q132R?,NA,frameshift_variant,Unclassified
ICGC,DO50286,Skin,X,41203370,41203370,G300E,899G>A,missense_variant,Missense
ICGC,DO50280,Skin,X,41205816,41205816,P503L,1508C>T,missense_variant,Missense
ICGC,DO50279,Skin,X,41206955,41206955,D642Y,1924G>T,missense_variant,Missense
ICGC,DO47442,Skin,X,41204681,41204681,E383*,1147G>T,stop_gained,Nonsense
ICGC,DO48770,Skin,X,41203370,41203370,E269K,805G>A,missense_variant,Missense
ICGC,DO48770,Skin,X,41203370,41203370,E285K,853G>A,missense_variant,Missense
ICGC,DO47407,Skin,X,41202501,41202501,M236I,708G>T,missense_variant,Missense
ICGC,DO47407,Skin,X,41202501,41202501,M176I,528G>T,missense_variant,Missense
ICGC,DO37996,Skin,X,41206614,41206614,G607C,1819G>T,missense_variant,Missense
ICGC,DO37971,Skin,X,41204721,41204721,S412F,1235C>T,missense_variant,Missense
ICGC,DO48601,Skin,X,41198333,41198333,K50*,148A>T,stop_gained,Nonsense
ICGC,DO48601,Skin,X,41198333,41198333,K94*,280A>T,stop_gained,Nonsense
ICGC,DO37966,Skin,X,41205486,41205486,K424N,1272G>T,missense_variant,Missense
ICGC,DO47374,Skin,X,41206701,41206701,G636*,1906G>T,stop_gained,Nonsense
ICGC,DO47368,Skin,X,41205845,41205845,I529L,1585A>C,missense_variant,Missense
ICGC,DO37911,Skin,X,41205589,41205589,R475C,1423C>T,missense_variant,Missense
ICGC,DO38045,Skin,X,41205505,41205505,F447L,1339T>C,missense_variant,Missense
ICGC,DO38011,Skin,X,41205628,41205628,R472S,1414C>A,missense_variant,Missense
ICGC,DO51246,Skin,X,41203496,41203496,S290L,869C>T,missense_variant,Missense
ICGC,DO51232,Skin,X,41200747,41200747,D54E?,NA,frameshift_variant,Unclassified
ICGC,DO51232,Skin,X,41200747,41200747,D98E?,NA,frameshift_variant,Unclassified
ICGC,DO51232,Skin,X,41200747,41200747,D38E?,NA,frameshift_variant,Unclassified
ICGC,DO51293,Skin,X,41198321,41198321,R46*,136C>T,stop_gained,Nonsense
ICGC,DO219464,Skin,X,41204748,41204748,W405*,1214G>A,stop_gained,Nonsense
ICGC,DO219464,Skin,X,41204748,41204748,W421*,1262G>A,stop_gained,Nonsense
ICGC,DO38887,Stomach,X,41201791,41201791,R154C,460C>T,missense_variant,Missense
ICGC,DO38599,Stomach,X,41203302,41203302,R262H,785G>A,missense_variant,Missense
ICGC,DO38599,Stomach,X,41203302,41203302,R246H,737G>A,missense_variant,Missense
ICGC,DO50142,Stomach,X,41203299,41203299,G245V,734G>T,missense_variant,Missense
ICGC,DO51784,Stomach,X,41196706,41196706,S31R,91A>C,missense_variant,Missense
ICGC,DO51784,Stomach,X,41196706,41196706,S75R,223A>C,missense_variant,Missense
ICGC,DO51761,Stomach,X,41206255,41206255,R571C,1711C>T,missense_variant,Missense
ICGC,DO51761,Stomach,X,41206255,41206255,R587C,1759C>T,missense_variant,Missense
ICGC,DO48024,Stomach,X,41204467,41204467,D338Y,1012G>T,missense_variant,Missense
ICGC,DO48016,Stomach,X,41203552,41203552,Q293*,877C>T,stop_gained,Nonsense
ICGC,DO47867,Stomach,X,41205842,41205842,R512C,1534C>T,missense_variant,Missense
ICGC,DO47867,Stomach,X,41205842,41205842,R528C,1582C>T,missense_variant,Missense
ICGC,DO47849,Stomach,X,41201758,41201758,R83C,247C>T,missense_variant,Missense
ICGC,DO47849,Stomach,X,41201758,41201758,R99C,295C>T,missense_variant,Missense
ICGC,DO47829,Stomach,X,41202520,41202520,R183C,547C>T,missense_variant,Missense
ICGC,DO47829,Stomach,X,41202520,41202520,R243C,727C>T,missense_variant,Missense
ICGC,DO47829,Stomach,X,41202520,41202520,R199C,595C>T,missense_variant,Missense
ICGC,DO222331,Stomach,X,41205632,41205632,S489*,1466C>A,stop_gained,Nonsense
ICGC,DO222331,Stomach,X,41205632,41205632,S473*,1418C>A,stop_gained,Nonsense
ICGC,DO38232,Stomach,X,41201759,41201759,R99H,296G>A,missense_variant,Missense
ICGC,DO38232,Stomach,X,41201759,41201759,R83H,248G>A,missense_variant,Missense
ICGC,DO38232,Stomach,X,41201759,41201759,R99H,296G>A,missense_variant,Missense
ICGC,DO38232,Stomach,X,41201759,41201759,R143H,428G>A,missense_variant,Missense
ICGC,DO38195,Stomach,X,41205860,41205860,R534C,1600C>T,missense_variant,Missense
ICGC,DO38195,Stomach,X,41205860,41205860,R518C,1552C>T,missense_variant,Missense
ICGC,DO229264,Thyroid,X,41198298,41198298,Y38F,113A>T,missense_variant,Missense
ICGC,DO229264,Thyroid,X,41198298,41198298,Y38F,113A>T,missense_variant,Missense
ICGC,DO229208,Thyroid,X,41206957,41206957,D135E,405C>A,missense_variant,Missense
ICGC,DO229208,Thyroid,X,41206957,41206957,D658E,1974C>A,missense_variant,Missense
ICGC,DO229211,Thyroid,X,41196662,41196662,F16S,47T>C,missense_variant,Missense
ICGC,DO229211,Thyroid,X,41196662,41196662,F60S,179T>C,missense_variant,Missense
ICGC,DO229213,Thyroid,X,41206916,41206916,S629G,1885A>G,missense_variant,Missense
ICGC,DO229213,Thyroid,X,41206916,41206916,S122G,364A>G,missense_variant,Missense
ICGC,DO219787,Endometrium,X,41203326,41203326,L254*,761T>A,stop_gained,Nonsense
ICGC,DO50076,Endometrium,X,41204491,41204491,R346C,1036C>T,missense_variant,Missense
ICGC,DO40924,Endometrium,X,41200757,41200757,S58T,172T>A,missense_variant,Missense
ICGC,DO42097,Endometrium,X,41201786,41201786,G92D,275G>A,missense_variant,Missense
ICGC,DO42097,Endometrium,X,41201786,41201786,G108D,323G>A,missense_variant,Missense
ICGC,DO42384,Endometrium,X,41205855,41205855,T532M,1595C>T,missense_variant,Missense
ICGC,DO223282,Endometrium,X,41203304,41203304,R247C,739C>T,missense_variant,Missense
ICGC,DO223282,Endometrium,X,41203304,41203304,R263C,787C>T,missense_variant,Missense
ICGC,DO223280,Endometrium,X,41204703,41204703,G390V,1169G>T,missense_variant,Missense
ICGC,DO42280,Endometrium,X,41202580,41202580,D219Y,655G>T,missense_variant,Missense
ICGC,DO42280,Endometrium,X,41205843,41205843,R528H,1583G>A,missense_variant,Missense
ICGC,DO43594,Endometrium,X,41198330,41198330,T49A,145A>G,missense_variant,Missense
ICGC,DO43594,Endometrium,X,41198330,41198330,T93A,277A>G,missense_variant,Missense
ICGC,DO43025,Endometrium,X,41205875,41205875,G523R,1567G>C,missense_variant,Missense
ICGC,DO43186,Endometrium,X,41206603,41206603,R587Q,1760G>A,missense_variant,Missense
ICGC,DO43186,Endometrium,X,41206603,41206603,R603Q,1808G>A,missense_variant,Missense
ICGC,DO43154,Endometrium,X,41202490,41202490,E173*,517G>T,stop_gained,Nonsense
ICGC,DO41752,Endometrium,X,41203558,41203558,R311*,931C>T,stop_gained,Nonsense
ICGC,DO41644,Endometrium,X,41205842,41205842,R512C,1534C>T,missense_variant,Missense
ICGC,DO41644,Endometrium,X,41205842,41205842,R528C,1582C>T,missense_variant,Missense
ICGC,DO41572,Endometrium,X,41198294,41198294,R37S,109C>A,missense_variant,Missense
ICGC,DO41578,Endometrium,X,41201791,41201791,R94C,280C>T,missense_variant,Missense
ICGC,DO41578,Endometrium,X,41201791,41201791,R110C,328C>T,missense_variant,Missense
ICGC,DO41578,Endometrium,X,41201791,41201791,R110C,328C>T,missense_variant,Missense
ICGC,DO41578,Endometrium,X,41201791,41201791,R154C,460C>T,missense_variant,Missense
ICGC,DO41548,Endometrium,X,41206199,41206199,P552L,1655C>T,missense_variant,Missense
ICGC,DO41911,Endometrium,X,41202521,41202521,R183P,548G>C,missense_variant,Missense
ICGC,DO41911,Endometrium,X,41202521,41202521,R199P,596G>C,missense_variant,Missense
ICGC,DO41911,Endometrium,X,41202521,41202521,R243P,728G>C,missense_variant,Missense
ICGC,DO41999,Endometrium,X,41205643,41205643,P477S,1429C>T,missense_variant,Missense
ICGC,DO41887,Endometrium,X,41204476,41204476,F357L,1069T>C,missense_variant,Missense
ICGC,DO42608,Endometrium,X,41205861,41205861,R534H,1601G>A,missense_variant,Missense
ICGC,DO43907,Endometrium,X,41200823,41200823,G124R,370G>A,missense_variant,Missense
ICGC,DO43907,Endometrium,X,41200823,41200823,G80R,238G>A,missense_variant,Missense
ICGC,DO41235,Endometrium,X,41198294,41198294,R37C,109C>T,missense_variant,Missense
ICGC,DO41235,Endometrium,X,41198294,41198294,R81C,241C>T,missense_variant,Missense
ICGC,DO41235,Endometrium,X,41206957,41206957,D135E,405C>A,missense_variant,Missense
ICGC,DO41235,Endometrium,X,41206957,41206957,D658E,1974C>A,missense_variant,Missense
ICGC,DO42560,Endometrium,X,41206199,41206199,P568L,1703C>T,missense_variant,Missense
ICGC,DO43803,Endometrium,X,41204449,41204449,E348K,1042G>A,missense_variant,Missense
ICGC,DO43787,Endometrium,X,41202567,41202567,I198M,594C>G,missense_variant,Missense
ICGC,DO42472,Endometrium,X,41202072,41202072,P160S,478C>T,missense_variant,Missense
ICGC,DO41133,Endometrium,X,41202549,41202549,K192N,576G>T,missense_variant,Missense
ICGC,DO41133,Endometrium,X,41202549,41202549,K252N,756G>T,missense_variant,Missense
ICGC,DO41133,Endometrium,X,41202549,41202549,K208N,624G>T,missense_variant,Missense
ICGC,DO41133,Endometrium,X,41204491,41204491,R362C,1084C>T,missense_variant,Missense
ICGC,DO41133,Endometrium,X,41204491,41204491,R362C,1084C>T,missense_variant,Missense
ICGC,DO41488,Endometrium,X,41205843,41205843,R512H,1535G>A,missense_variant,Missense
ICGC,DO42713,Endometrium,X,41206199,41206199,P568L,1703C>T,missense_variant,Missense
ICGC,DO41361,Endometrium,X,41203316,41203316,P267S,799C>T,missense_variant,Missense
ICGC,DO41361,Endometrium,X,41203316,41203316,P282L,845C>T,missense_variant,Missense
ICGC,DO41361,Endometrium,X,41205779,41205779,I507V,1519A>G,missense_variant,Missense
ICGC,DO41361,Endometrium,X,41204683,41204683,E383D,1149A>C,missense_variant,Missense
ICGC,DO42673,Endometrium,X,41203305,41203305,R247H,740G>A,missense_variant,Missense
ICGC,DO42673,Endometrium,X,41203305,41203305,R247H,740G>A,missense_variant,Missense
ICGC,DO41331,Endometrium,X,41203305,41203305,R263H,788G>A,missense_variant,Missense
