"Chrom","Position","RSID","Reference","Alternate","Consequence","Protein Consequence","Transcript Consequence","Filter","Annotation","Flags","Allele Count","Allele Number","Number of Homozygotes","Number of Hemizygotes","Allele Frequency","Allele Count African","Allele Number African","Homozygote Count African","Allele Count East Asian","Allele Number East Asian","Homozygote Count East Asian","Allele Count European (Non-Finnish)","Allele Number European (Non-Finnish)","Homozygote Count European (Non-Finnish)","Allele Count Finnish","Allele Number Finnish","Homozygote Count Finnish","Allele Count Latino","Allele Number Latino","Homozygote Count Latino","Allele Count Other","Allele Number Other","Homozygote Count Other","Allele Count South Asian","Allele Number South Asian","Homozygote Count South Asian"
"X","41193455",".","C","CAA","","","c.-49_-48dupAA","PASS","5' UTR","","1","60495","0","1","0.00001653","0","5989","0","0","5012","0","1","33370","0","0","2287","0","0","6698","0","0","403","0","0","6736","0"
"X","41193456",".","A","C","","","c.-50A>C","PASS","5' UTR","","1","60769","0","0","0.00001646","0","6000","0","0","5047","0","1","33487","0","0","2314","0","0","6735","0","0","404","0","0","6782","0"
"X","41193457",".","A","G","","","c.-49A>G","PASS","5' UTR","","4","60802","0","0","0.00006579","0","6007","0","1","5055","0","3","33524","0","0","2309","0","0","6714","0","0","405","0","0","6788","0"
"X","41193459",".","C","T","","","c.-47C>T","PASS","5' UTR","","1","60606","0","1","0.00001650","0","5978","0","0","5047","0","1","33450","0","0","2292","0","0","6675","0","0","404","0","0","6760","0"
"X","41193459",".","C","CA","","","c.-46dupA","PASS","5' UTR","","1","60606","0","0","0.00001650","0","5978","0","0","5047","0","1","33450","0","0","2292","0","0","6675","0","0","404","0","0","6760","0"
"X","41193460",".","A","G","","","c.-46A>G","PASS","5' UTR","","1","60850","0","0","0.00001643","0","6003","0","1","5067","0","0","33562","0","0","2309","0","0","6708","0","0","405","0","0","6796","0"
"X","41193466","rs55803812","T","G","","","c.-40T>G","PASS","5' UTR","","1178","61169","11","341","0.01926","23","6019","0","0","5084","0","1002","33748","10","60","2320","0","61","6769","0","3","403","0","29","6826","1"
"X","41193474",".","G","A","","","c.-32G>A","PASS","5' UTR","","1","61844","0","0","0.00001617","1","6089","0","0","5107","0","0","34138","0","0","2371","0","0","6832","0","0","412","0","0","6895","0"
"X","41193482",".","C","T","","","c.-24C>T","PASS","5' UTR","","1","63031","0","0","0.00001587","0","6176","0","0","5213","0","1","34778","0","0","2424","0","0","6984","0","0","421","0","0","7035","0"
"X","41193493","rs191565812","G","A","","","c.-13G>A","PASS","5' UTR","","477","65673","3","152","0.007263","5","6356","0","0","5436","0","420","36254","2","22","2551","0","17","7268","0","3","438","1","10","7370","0"
"X","41193544",".","C","T","p.Asp13Asp","p.Asp13Asp","c.39C>T","PASS","synonymous","","1","71127","0","0","0.00001406","0","6752","0","0","5825","0","1","39327","0","0","2789","0","0","7933","0","0","475","0","0","8026","0"
"X","41193553",".","G","A","c.45+3G>A","","c.45+3G>A","PASS","splice region","","1","70546","0","0","0.00001418","1","6712","0","0","5770","0","0","39002","0","0","2771","0","0","7848","0","0","469","0","0","7974","0"
"X","41193559",".","C","G","","","c.45+9C>G","PASS","intron","","1","70113","0","1","0.00001426","0","6687","0","0","5743","0","1","38752","0","0","2724","0","0","7785","0","0","470","0","0","7952","0"
"X","41193566",".","C","T","","","c.45+16C>T","PASS","intron","","1","69643","0","0","0.00001436","0","6631","0","1","5709","0","0","38501","0","0","2693","0","0","7730","0","0","465","0","0","7914","0"
"X","41193567",".","C","T","","","c.45+17C>T","PASS","intron","","1","69467","0","1","0.00001440","0","6624","0","0","5677","0","0","38412","0","0","2679","0","0","7709","0","0","463","0","1","7903","0"
"X","41193569",".","A","G","","","c.45+19A>G","PASS","intron","","1","69130","0","0","0.00001447","0","6605","0","0","5668","0","1","38218","0","0","2628","0","0","7681","0","0","464","0","0","7866","0"
"X","41193574",".","G","C","","","c.45+24G>C","PASS","intron","","14","68107","0","2","0.0002056","0","6551","0","0","5606","0","14","37605","0","0","2569","0","0","7561","0","0","451","0","0","7764","0"
"X","41193582",".","C","A","","","c.45+32C>A","PASS","intron","","3","67382","0","1","0.00004452","3","6502","0","0","5559","0","0","37183","0","0","2522","0","0","7502","0","0","453","0","0","7661","0"
"X","41193583",".","T","A","","","c.45+33T>A","PASS","intron","","1","67395","0","0","0.00001484","0","6516","0","0","5554","0","0","37197","0","0","2525","0","1","7487","0","0","456","0","0","7660","0"
"X","41193586",".","G","A","","","c.45+36G>A","PASS","intron","","2","66753","0","0","0.00002996","2","6471","0","0","5511","0","0","36823","0","0","2477","0","0","7410","0","0","451","0","0","7610","0"
"X","41193588",".","G","A","","","c.45+38G>A","PASS","intron","","1","66617","0","0","0.00001501","0","6441","0","0","5502","0","1","36738","0","0","2484","0","0","7413","0","0","445","0","0","7594","0"
"X","41193597",".","C","T","","","c.45+47C>T","PASS","intron","","1","65101","0","0","0.00001536","0","6346","0","0","5353","0","0","35875","0","0","2404","0","1","7223","0","0","432","0","0","7468","0"
"X","41193866","rs145059861","T","G","p.Ile7Met†","p.Ile7Met","c.21T>G","PASS","missense","","1","1281","0","0","0.0007806","1","50","0","0","55","0","0","421","0","0","0","0","0","9","0","0","17","0","0","729","0"
"X","41193872",".","C","T","p.Asp9Asp†","p.Asp9Asp","c.27C>T","PASS","synonymous","","1","1600","0","1","0.0006250","0","57","0","0","58","0","0","504","0","0","0","0","0","18","0","0","18","0","1","945","0"
"X","41193874",".","T","TG","p.Phe13ValfsTer58†","p.Phe13ValfsTer58","c.36dupG","PASS","frameshift","","2","1687","0","1","0.001186","0","57","0","0","58","0","0","535","0","0","0","0","0","15","0","0","19","0","2","1003","0"
"X","41193901",".","C","T","p.Ala19Val†","p.Ala19Val","c.56C>T","PASS","missense","","1","3677","0","0","0.0002720","0","96","0","0","83","0","1","1209","0","0","0","0","0","35","0","0","48","0","0","2206","0"
"X","41193907",".","G","A","p.Gly21Glu†","p.Gly21Glu","c.62G>A","PASS","missense","","1","4109","0","1","0.0002434","0","110","0","0","84","0","0","1301","0","0","0","0","0","38","0","0","52","0","1","2524","0"
"X","41193914",".","C","T","p.Asp23Asp†","p.Asp23Asp","c.69C>T","PASS","synonymous","","1","4448","0","1","0.0002248","0","114","0","0","86","0","0","1383","0","0","0","0","0","40","0","0","57","0","1","2768","0"
"X","41193920",".","G","A","p.Arg25Arg†","p.Arg25Arg","c.75G>A","PASS","synonymous","","1","4643","0","1","0.0002154","0","117","0","1","88","0","0","1426","0","0","0","0","0","42","0","0","56","0","0","2914","0"
"X","41193920",".","G","T","p.Arg25Ser†","p.Arg25Ser","c.75G>T","PASS","missense","","3","4643","0","2","0.0006461","0","117","0","0","88","0","0","1426","0","0","0","0","0","42","0","0","56","0","3","2914","0"
"X","41193926",".","T","C","p.Phe27Phe†","p.Phe27Phe","c.81T>C","PASS","synonymous","","4","4746","0","3","0.0008428","0","117","0","0","88","0","0","1451","0","0","2","0","0","45","0","0","55","0","4","2988","0"
"X","41193956",".","G","A","p.Leu37Leu†","p.Leu37Leu","c.111G>A","PASS","synonymous","","1","4251","0","1","0.0002352","0","110","0","0","87","0","1","1327","0","0","0","0","0","43","0","0","52","0","0","2632","0"
"X","41193973",".","C","G","p.Pro43Arg†","p.Pro43Arg","c.128C>G","PASS","missense","","1","3816","0","0","0.0002621","0","103","0","0","85","0","0","1198","0","0","0","0","0","40","0","0","46","0","1","2344","0"
"X","41193992",".","C","T","p.Gly49Gly†","p.Gly49Gly","c.147C>T","PASS","synonymous","","2","2960","0","0","0.0006757","0","89","0","0","75","0","2","954","0","0","0","0","0","24","0","0","37","0","0","1781","0"
"X","41194039",".","G","A","","","c.45+489G>A","PASS","intron","","1","1091","0","1","0.0009166","0","44","0","0","42","0","0","385","0","0","0","0","0","9","0","0","17","0","1","594","0"
"X","41194051",".","GGGCGGCCTTCGCTCGGGGTAATGGC","G","","","c.45+510_45+534delTCGCTCGGGGTAATGGCGGCGGCCT","PASS","intron","","1","714","0","0","0.001401","0","29","0","0","36","0","1","246","0","0","0","0","0","5","0","0","12","0","0","386","0"
"X","41194068","rs181703578","G","C","","","c.45+518G>C","PASS","intron","","8","283","0","0","0.02827","1","17","0","0","21","0","4","91","0","0","0","0","0","4","0","0","6","0","3","144","0"
"X","41196618",".","G","C","","","c.46-43G>C","PASS","intron","","1","86715","0","1","0.00001153","0","7907","0","0","6596","0","0","47807","0","0","4520","0","0","9285","0","0","624","0","1","9976","0"
"X","41196642",".","C","T","","","c.46-19C>T","PASS","intron","","1","86935","0","0","0.00001150","0","7917","0","0","6609","0","1","47919","0","0","4529","0","0","9305","0","0","624","0","0","10032","0"
"X","41196644",".","A","G","","","c.46-17A>G","PASS","intron","","1","86952","0","1","0.00001150","0","7917","0","0","6609","0","0","47929","0","1","4529","0","0","9305","0","0","624","0","0","10039","0"
"X","41196663",".","T","C","c.48T>C","p.Phe16Phe","c.48T>C","PASS","splice region","","4","87019","0","2","0.00004597","0","7920","0","3","6610","0","1","47958","0","0","4529","0","0","9307","0","0","624","0","0","10071","0"
"X","41196681",".","C","CTCTTCA","p.Ser23_Ser24dup","p.Ser23_Ser24dup","c.67_72dupTCTTCA","PASS","inframe insertion","","1","87039","0","0","0.00001149","1","7921","0","0","6611","0","0","47970","0","0","4529","0","0","9310","0","0","624","0","0","10074","0"
"X","41196684",".","T","G","p.Ser23Ser","p.Ser23Ser","c.69T>G","PASS","synonymous","","1","87033","0","0","0.00001149","1","7921","0","0","6611","0","0","47969","0","0","4529","0","0","9310","0","0","624","0","0","10069","0"
"X","41196699",".","T","C","p.Ser28Ser","p.Ser28Ser","c.84T>C","PASS","synonymous","","1","86996","0","1","0.00001149","0","7919","0","0","6611","0","1","47951","0","0","4529","0","0","9306","0","0","624","0","0","10056","0"
"X","41196716",".","G","A","p.Ser34Asn","p.Ser34Asn","c.101G>A","PASS","missense","","1","86911","0","0","0.00001151","0","7913","0","0","6608","0","1","47902","0","0","4529","0","0","9300","0","0","623","0","0","10036","0"
"X","41196746",".","G","A","","","c.103+28G>A","PASS","intron","","2","86526","0","0","0.00002311","2","7900","0","0","6590","0","0","47687","0","0","4522","0","0","9276","0","0","621","0","0","9930","0"
"X","41196747",".","A","C","","","c.103+29A>C","PASS","intron","","2","86530","0","0","0.00002311","0","7900","0","0","6590","0","2","47691","0","0","4524","0","0","9277","0","0","621","0","0","9927","0"
"X","41196757",".","C","CTTA","","","c.103+40_103+42dupTTA","PASS","intron","","1","86240","0","0","0.00001160","0","7889","0","0","6572","0","0","47554","0","0","4517","0","1","9251","0","0","616","0","0","9841","0"
"X","41196765",".","C","T","","","c.103+47C>T","PASS","intron","","2","85990","0","0","0.00002326","0","7883","0","0","6547","0","2","47397","0","0","4518","0","0","9244","0","0","611","0","0","9790","0"
"X","41196769",".","A","C","","","c.103+51A>C","PASS","intron","","2","85866","0","0","0.00002329","1","7878","0","0","6533","0","0","47323","0","0","4512","0","1","9237","0","0","611","0","0","9772","0"
"X","41196769",".","A","AC","","","c.103+51_103+52insC","PASS","intron","","1","85866","0","0","0.00001165","0","7878","0","0","6533","0","0","47323","0","0","4512","0","0","9237","0","0","611","0","1","9772","0"
"X","41198243",".","G","GT","","","c.104-40dupT","PASS","intron","","117","9462","2","22","0.01237","111","833","2","0","220","0","0","3363","0","0","742","0","4","250","0","0","114","0","2","3940","0"
"X","41198257",".","A","G","","","c.104-32A>G","PASS","intron","","2","9847","0","1","0.0002031","0","861","0","0","228","0","1","3567","0","0","774","0","0","307","0","0","117","0","1","3993","0"
"X","41198265",".","TTA","T","","","c.104-10_104-9delAT","PASS","intron","","289","8397","0","0","0.03442","29","827","0","9","222","0","122","3125","0","6","727","0","54","358","0","3","94","0","66","3044","0"
"X","41198265",".","T","TTA","","","c.104-10_104-9dupAT","PASS","intron","","13","8397","0","2","0.001548","1","827","0","1","222","0","3","3125","0","0","727","0","0","358","0","0","94","0","8","3044","0"
"X","41198267",".","A","T","","","c.104-22A>T","PASS","intron","","1","8291","0","0","0.0001206","1","769","0","0","227","0","0","3133","0","0","754","0","0","317","0","0","104","0","0","2987","0"
"X","41198271",".","A","G","","","c.104-18A>G","PASS","intron","","4","16446","0","1","0.0002432","0","1679","0","0","614","0","2","6628","0","1","989","0","0","1912","0","1","151","0","0","4473","0"
"X","41198293",".","G","T","p.Gly36Gly","p.Gly36Gly","c.108G>T","PASS","synonymous","","1","72970","0","1","0.00001370","0","7165","0","0","5937","0","1","38928","0","0","3827","0","0","8390","0","0","512","0","0","8211","0"
"X","41198311",".","T","C","p.His42His","p.His42His","c.126T>C","PASS","synonymous","","3","83755","0","1","0.00003582","0","7726","0","0","6494","0","3","45993","0","0","4426","0","0","9102","0","0","582","0","0","9432","0"
"X","41198331",".","C","T","p.Thr49Ile","p.Thr49Ile","c.146C>T","PASS","missense","","1","85829","0","0","0.00001165","0","7850","0","0","6573","0","0","47329","0","0","4503","0","0","9245","0","0","604","0","1","9725","0"
"X","41198346",".","C","T","","","c.151+10C>T","PASS","intron","","5","86035","0","3","0.00005812","0","7871","0","0","6587","0","0","47487","0","0","4508","0","0","9258","0","0","609","0","5","9715","0"
"X","41198350",".","A","G","","","c.151+14A>G","PASS","intron","","1","85999","0","1","0.00001163","0","7871","0","1","6590","0","0","47485","0","0","4508","0","0","9258","0","0","609","0","0","9678","0"
"X","41198367",".","A","AT","","","c.151+37dupT","PASS","intron","","1","85809","0","0","0.00001165","0","7870","0","0","6587","0","1","47457","0","0","4509","0","0","9254","0","0","606","0","0","9526","0"
"X","41198367",".","A","G","","","c.151+31A>G","PASS","intron","","1","85809","0","0","0.00001165","0","7870","0","0","6587","0","1","47457","0","0","4509","0","0","9254","0","0","606","0","0","9526","0"
"X","41198376",".","C","T","","","c.151+40C>T","PASS","intron","","1","85644","0","0","0.00001168","0","7869","0","0","6587","0","1","47410","0","0","4510","0","0","9258","0","0","606","0","0","9404","0"
"X","41198379",".","CT","C","","","c.151+46delT","PASS","intron","","1","85584","0","0","0.00001168","0","7870","0","0","6586","0","1","47391","0","0","4508","0","0","9253","0","0","605","0","0","9371","0"
"X","41198386",".","A","T","","","c.151+50A>T","PASS","intron","","1","85521","0","0","0.00001169","0","7869","0","0","6586","0","1","47375","0","0","4509","0","0","9255","0","0","606","0","0","9321","0"
"X","41198387",".","G","T","","","c.151+51G>T","PASS","intron","","41","85518","0","16","0.0004794","0","7868","0","0","6587","0","36","47375","0","1","4508","0","0","9254","0","0","606","0","4","9320","0"
"X","41200686",".","G","T","","","c.152-51G>T","PASS","intron","","3","51255","0","2","0.00005853","0","5421","0","0","3267","0","3","27453","0","0","2864","0","0","6455","0","0","413","0","0","5382","0"
"X","41200690",".","C","T","","","c.152-47C>T","PASS","intron","","1","51339","0","1","0.00001948","0","5419","0","0","3270","0","0","27486","0","0","2874","0","0","6471","0","0","411","0","1","5408","0"
"X","41200697",".","T","C","","","c.152-40T>C","PASS","intron","","1","52013","0","1","0.00001923","0","5473","0","0","3334","0","1","27858","0","0","2896","0","0","6559","0","0","421","0","0","5472","0"
"X","41200709",".","A","T","","","c.152-28A>T","PASS","intron","","2","56104","0","0","0.00003565","0","5834","0","0","3812","0","2","30015","0","0","3110","0","0","6994","0","0","448","0","0","5891","0"
"X","41200715",".","A","G","","","c.152-22A>G","PASS","intron","","1","61426","0","1","0.00001628","0","6275","0","1","4463","0","0","32861","0","0","3375","0","0","7502","0","0","484","0","0","6466","0"
"X","41200732","rs139960681","C","G","c.152-5C>G","","c.152-5C>G","PASS","splice region","","27","77084","0","9","0.0003503","0","7400","0","27","5930","0","0","41850","0","0","4192","0","0","8660","0","0","580","0","0","8472","0"
"X","41200733",".","A","G","c.152-4A>G","","c.152-4A>G","PASS","splice region","","1","77967","0","0","0.00001283","0","7451","0","0","6005","0","1","42359","0","0","4244","0","0","8727","0","0","582","0","0","8599","0"
"X","41200744",".","C","T","p.Tyr53Tyr","p.Tyr53Tyr","c.159C>T","PASS","synonymous","","5","82887","0","2","0.00006032","0","7735","0","0","6386","0","3","45284","0","0","4426","0","0","9056","0","0","602","0","2","9398","0"
"X","41200755",".","G","A","p.Ser57Asn","p.Ser57Asn","c.170G>A","PASS","missense","","5","85159","0","2","0.00005871","0","7876","0","0","6543","0","0","46621","0","0","4483","0","0","9210","0","0","619","0","5","9807","0"
"X","41200762",".","G","C","p.Gly59Gly","p.Gly59Gly","c.177G>C","PASS","synonymous","","1","85845","0","0","0.00001165","1","7927","0","0","6582","0","0","47036","0","0","4503","0","0","9252","0","0","623","0","0","9922","0"
"X","41200766",".","A","G","p.Ser61Gly","p.Ser61Gly","c.181A>G","PASS","missense","","5","86059","0","0","0.00005810","0","7944","0","0","6587","0","0","47182","0","0","4507","0","5","9264","0","0","623","0","0","9952","0"
"X","41200789",".","G","A","p.Ala68Ala","p.Ala68Ala","c.204G>A","PASS","synonymous","","2","86810","0","0","0.00002304","0","7990","0","0","6614","0","2","47688","0","0","4520","0","0","9299","0","0","628","0","0","10071","0"
"X","41200796",".","A","G","p.Ser71Gly","p.Ser71Gly","c.211A>G","PASS","missense","","1","86940","0","0","0.00001150","0","7996","0","0","6622","0","1","47764","0","0","4525","0","0","9313","0","0","629","0","0","10091","0"
"X","41200808",".","CGTA","C","p.Ser76del","p.Ser76del","c.226_228delAGT","PASS","inframe deletion","","1","87033","0","0","0.00001149","0","7993","0","0","6626","0","1","47836","0","0","4527","0","0","9315","0","0","629","0","0","10107","0"
"X","41200817",".","T","C","p.Ser78Pro","p.Ser78Pro","c.232T>C","PASS","missense","","1","87096","0","1","0.00001148","0","7992","0","1","6626","0","0","47887","0","0","4529","0","0","9318","0","0","629","0","0","10115","0"
"X","41200819","rs143627607","A","T","p.Ser78Ser","p.Ser78Ser","c.234A>T","PASS","synonymous","","80","87106","0","22","0.0009184","73","7991","0","0","6626","0","1","47898","0","0","4529","0","5","9319","0","0","629","0","1","10114","0"
"X","41200828",".","G","A","p.Lys81Lys","p.Lys81Lys","c.243G>A","PASS","synonymous","","1","87137","0","1","0.00001148","0","7990","0","0","6625","0","0","47926","0","0","4529","0","0","9321","0","0","630","0","1","10116","0"
"X","41200837",".","C","T","p.Phe84Phe","p.Phe84Phe","c.252C>T","PASS","synonymous","","1","87144","0","0","0.00001148","0","7988","0","0","6626","0","1","47938","0","0","4530","0","0","9321","0","0","630","0","0","10111","0"
"X","41200848",".","G","A","p.Arg88His","p.Arg88His","c.263G>A","PASS","missense","","3","87133","0","0","0.00003443","0","7989","0","1","6626","0","2","47937","0","0","4530","0","0","9322","0","0","630","0","0","10099","0"
"X","41200855",".","T","C","p.Ser90Ser","p.Ser90Ser","c.270T>C","PASS","synonymous","","1","87087","0","0","0.00001148","0","7979","0","1","6623","0","0","47929","0","0","4530","0","0","9322","0","0","630","0","0","10074","0"
"X","41200881",".","C","G","","","c.284+12C>G","PASS","intron","","1","86729","0","0","0.00001153","0","7960","0","0","6615","0","1","47814","0","0","4529","0","0","9318","0","0","625","0","0","9868","0"
"X","41200883",".","T","C","","","c.284+14T>C","PASS","intron","","1","86754","0","0","0.00001153","1","7960","0","0","6615","0","0","47815","0","0","4530","0","0","9318","0","0","626","0","0","9890","0"
"X","41200905",".","A","C","","","c.284+36A>C","PASS","intron","","1","86462","0","0","0.00001157","1","7942","0","0","6607","0","0","47730","0","0","4529","0","0","9314","0","0","622","0","0","9718","0"
"X","41200907",".","T","C","","","c.284+38T>C","PASS","intron","","1","86394","0","0","0.00001157","0","7945","0","0","6608","0","1","47700","0","0","4530","0","0","9315","0","0","621","0","0","9675","0"
"X","41200917",".","A","G","","","c.284+48A>G","PASS","intron","","1","85925","0","0","0.00001164","1","7937","0","0","6602","0","0","47501","0","0","4525","0","0","9304","0","0","619","0","0","9437","0"
"X","41201701",".","A","G","","","c.285-47A>G","PASS","intron","","27","84530","0","15","0.0003194","0","7946","0","0","6581","0","0","46998","0","0","4497","0","0","9248","0","0","604","0","27","8656","0"
"X","41201713",".","T","G","","","c.285-35T>G","PASS","intron","","1","84773","0","0","0.00001180","0","7956","0","0","6589","0","1","47106","0","0","4501","0","0","9262","0","0","606","0","0","8753","0"
"X","41201718",".","T","A","","","c.285-30T>A","PASS","intron","","1","85004","0","0","0.00001176","0","7967","0","0","6596","0","1","47199","0","0","4505","0","0","9271","0","0","608","0","0","8858","0"
"X","41201730",".","ATTGC","A","","","c.285-14_285-11delCTTG","PASS","intron","","2","85685","0","1","0.00002334","0","7990","0","0","6615","0","0","47443","0","2","4515","0","0","9292","0","0","616","0","0","9214","0"
"X","41201734",".","C","T","","","c.285-14C>T","PASS","intron","","2","85891","0","0","0.00002329","0","8002","0","2","6617","0","0","47522","0","0","4513","0","0","9298","0","0","621","0","0","9318","0"
"X","41201742",".","G","T","c.285-6G>T","","c.285-6G>T","PASS","splice region","","1","86388","0","0","0.00001158","0","8016","0","0","6624","0","1","47686","0","0","4521","0","0","9308","0","0","624","0","0","9609","0"
"X","41201775",".","C","T","p.Tyr104Tyr","p.Tyr104Tyr","c.312C>T","PASS","synonymous","","3","87189","0","2","0.00003441","0","8066","0","0","6632","0","0","47920","0","0","4529","0","0","9317","0","0","630","0","3","10095","0"
"X","41201806",".","G","A","p.Gly115Ser","p.Gly115Ser","c.343G>A","PASS","missense","","4","87271","0","3","0.00004583","0","8097","0","0","6627","0","0","47951","0","0","4526","0","1","9316","0","1","631","0","2","10123","0"
"X","41201808",".","C","T","c.340+5C>T†","","c.340+5C>T","PASS","splice region","","3","87276","0","1","0.00003437","3","8101","0","0","6628","0","0","47952","0","0","4527","0","0","9315","0","0","631","0","0","10122","0"
"X","41201816",".","A","G","p.Lys118Arg","p.Lys118Arg","c.353A>G","PASS","missense","","5","87302","0","0","0.00005727","0","8115","0","0","6628","0","0","47961","0","0","4528","0","5","9316","0","0","631","0","0","10123","0"
"X","41201823",".","A","G","p.Glu120Glu","p.Glu120Glu","c.360A>G","PASS","synonymous","","1","87311","0","1","0.00001145","0","8121","0","1","6627","0","0","47963","0","0","4527","0","0","9320","0","0","631","0","0","10122","0"
"X","41201824",".","C","T","p.Arg121Cys","p.Arg121Cys","c.361C>T","PASS","missense","","1","87299","0","0","0.00001145","0","8121","0","0","6628","0","1","47957","0","0","4526","0","0","9314","0","0","631","0","0","10122","0"
"X","41201844",".","G","C","p.Trp127Cys","p.Trp127Cys","c.381G>C","PASS","missense","","1","87405","0","0","0.00001144","1","8209","0","0","6628","0","0","47972","0","0","4529","0","0","9318","0","0","631","0","0","10118","0"
"X","41201880",".","A","C","p.Pro139Pro","p.Pro139Pro","c.417A>C","PASS","synonymous","","1","87478","0","1","0.00001143","0","8262","0","0","6633","0","0","47980","0","0","4530","0","0","9318","0","0","631","0","1","10124","0"
"X","41201883",".","C","T","p.Leu140Leu","p.Leu140Leu","c.420C>T","PASS","synonymous","","1","87479","0","1","0.00001143","0","8264","0","0","6633","0","1","47979","0","0","4530","0","0","9318","0","0","631","0","0","10124","0"
"X","41201889",".","A","C","p.Pro142Pro","p.Pro142Pro","c.426A>C","PASS","synonymous","","1","87464","0","1","0.00001143","0","8251","0","0","6632","0","0","47980","0","0","4530","0","1","9318","0","0","631","0","0","10122","0"
"X","41201922","rs191423090","G","T","","","c.443+16G>T","PASS","intron","","2","87365","0","1","0.00002289","2","8160","0","0","6631","0","0","47976","0","0","4530","0","0","9318","0","0","631","0","0","10119","0"
"X","41201924","rs182798184","A","T","","","c.443+18A>T","PASS","intron","","120","87351","2","33","0.001374","116","8148","2","0","6631","0","0","47976","0","0","4530","0","4","9318","0","0","631","0","0","10117","0"
"X","41201924","rs182798184","A","G","","","c.443+18A>G","PASS","intron","","4","87351","0","3","0.00004579","0","8148","0","0","6631","0","0","47976","0","0","4530","0","0","9318","0","0","631","0","4","10117","0"
"X","41201945",".","TA","T","","","c.443+40delA","PASS","intron","","1","87234","0","0","0.00001146","0","8047","0","0","6627","0","0","47967","0","0","4530","0","0","9318","0","0","629","0","1","10116","0"
"X","41201965",".","G","A","","","c.444-25G>A","PASS","intron","","1","87163","0","0","0.00001147","1","7979","0","0","6623","0","0","47973","0","0","4528","0","0","9318","0","0","625","0","0","10117","0"
"X","41201972",".","T","C","","","c.444-18T>C","PASS","intron","","14","87139","0","10","0.0001607","0","7953","0","0","6621","0","5","47973","0","0","4528","0","1","9318","0","0","625","0","8","10121","0"
"X","41201972",".","T","A","","","c.444-18T>A","PASS","intron","","1","87139","0","1","0.00001148","0","7953","0","0","6621","0","0","47973","0","0","4528","0","1","9318","0","0","625","0","0","10121","0"
"X","41201975",".","AT","A","","","c.444-9delT","PASS","intron","","1","87106","0","0","0.00001148","0","7939","0","0","6620","0","0","47962","0","0","4528","0","1","9317","0","0","625","0","0","10115","0"
"X","41202035",".","C","T","p.Tyr163Tyr","p.Tyr163Tyr","c.489C>T","PASS","synonymous","","3","87080","0","2","0.00003445","0","7920","0","1","6613","0","0","47958","0","0","4529","0","1","9316","0","0","625","0","1","10119","0"
"X","41202041",".","C","T","p.Asp165Asp","p.Asp165Asp","c.495C>T","PASS","synonymous","","1","87073","0","0","0.00001148","0","7921","0","0","6612","0","1","47951","0","0","4529","0","0","9316","0","0","625","0","0","10119","0"
"X","41202088",".","G","C","p.Ser181Thr","p.Ser181Thr","c.542G>C","PASS","missense","","1","86230","0","1","0.00001160","0","7882","0","1","6589","0","0","47383","0","0","4516","0","0","9268","0","0","621","0","0","9971","0"
"X","41202116",".","GAC","G","","","c.543+31_543+32delCA","PASS","intron","","1","83913","0","0","0.00001192","0","7748","0","0","6439","0","1","45958","0","0","4473","0","0","9141","0","0","606","0","0","9548","0"
"X","41202120",".","CAGAG","C","","","c.543+34_543+37delAGAG","PASS","intron","","7","83612","0","2","0.00008372","0","7733","0","2","6420","0","5","45793","0","0","4465","0","0","9124","0","0","603","0","0","9474","0"
"X","41202127",".","G","A","","","c.543+38G>A","PASS","intron","","1","82950","0","0","0.00001206","0","7701","0","0","6362","0","1","45385","0","0","4446","0","0","9080","0","0","600","0","0","9376","0"
"X","41202419",".","A","G","","","c.544-50A>G","PASS","intron","","1","82419","0","1","0.00001213","1","7597","0","0","6466","0","0","44939","0","0","4384","0","0","8997","0","0","589","0","0","9447","0"
"X","41202420",".","C","T","","","c.544-49C>T","PASS","intron","","1","82300","0","0","0.00001215","0","7590","0","0","6452","0","0","44886","0","0","4379","0","0","8986","0","0","586","0","1","9421","0"
"X","41202429",".","C","T","","","c.544-40C>T","PASS","intron","","1","82564","0","0","0.00001211","0","7614","0","0","6468","0","1","45040","0","0","4385","0","0","9009","0","0","588","0","0","9460","0"
"X","41202434",".","G","C","","","c.544-35G>C","PASS","intron","","1","82742","0","1","0.00001209","0","7633","0","0","6468","0","0","45161","0","0","4389","0","0","9027","0","0","588","0","1","9476","0"
"X","41202437",".","A","C","","","c.544-32A>C","PASS","intron","","1","82875","0","1","0.00001207","0","7646","0","0","6478","0","1","45258","0","0","4392","0","0","9030","0","0","587","0","0","9484","0"
"X","41202438",".","G","A","","","c.544-31G>A","PASS","intron","","1","82872","0","0","0.00001207","0","7645","0","0","6474","0","0","45259","0","0","4389","0","0","9027","0","0","590","0","1","9488","0"
"X","41202443",".","C","T","","","c.544-26C>T","PASS","intron","","27","83256","0","8","0.0003243","0","7674","0","0","6493","0","17","45502","0","8","4402","0","1","9072","0","1","593","0","0","9520","0"
"X","41202449",".","C","A","","","c.544-20C>A","PASS","intron","","8","83622","0","3","0.00009567","0","7697","0","0","6514","0","6","45743","0","0","4415","0","2","9100","0","0","593","0","0","9560","0"
"X","41202450",".","C","T","","","c.544-19C>T","PASS","intron","","2","83693","0","0","0.00002390","0","7700","0","0","6512","0","0","45786","0","0","4420","0","2","9107","0","0","595","0","0","9573","0"
"X","41202457",".","A","C","","","c.544-12A>C","PASS","intron","","2","84187","0","1","0.00002376","0","7740","0","0","6542","0","2","46098","0","0","4436","0","0","9134","0","0","599","0","0","9638","0"
"X","41202511",".","G","A","p.Glu196Lys","p.Glu196Lys","c.586G>A","PASS","missense","","1","86089","0","0","0.00001162","0","8022","0","0","6606","0","1","47208","0","0","4499","0","0","9253","0","0","626","0","0","9875","0"
"X","41202521",".","G","A","p.Arg199His","p.Arg199His","c.596G>A","PASS","missense","","2","86082","0","0","0.00002323","0","8034","0","2","6597","0","0","47218","0","0","4501","0","0","9257","0","0","625","0","0","9850","0"
"X","41202525",".","T","C","p.Tyr200Tyr","p.Tyr200Tyr","c.600T>C","PASS","synonymous","","3","86056","0","1","0.00003486","1","8033","0","0","6596","0","1","47207","0","0","4500","0","0","9259","0","0","625","0","1","9836","0"
"X","41202616",".","T","G","","","c.679+12T>G","PASS","intron","","1","77191","0","0","0.00001295","0","7366","0","0","6015","0","1","42587","0","0","4267","0","0","8859","0","0","563","0","0","7534","0"
"X","41202617",".","CATAAG","C","","","c.679+15_679+19delTAAGA","PASS","intron","","6","76875","0","2","0.00007805","6","7353","0","0","5989","0","0","42407","0","0","4255","0","0","8839","0","0","560","0","0","7472","0"
"X","41202618",".","A","G","","","c.679+14A>G","PASS","intron","","4","76648","0","2","0.00005219","4","7320","0","0","5973","0","0","42294","0","0","4250","0","0","8818","0","0","558","0","0","7435","0"
"X","41202618",".","ATAAGAG","A","","","c.679+18_679+23delGAGTAA","PASS","intron","","7","76648","0","4","0.00009133","1","7320","0","0","5973","0","1","42294","0","0","4250","0","0","8818","0","0","558","0","5","7435","0"
"X","41202629",".","ACAT","A","","","c.679+29_679+31delCAT","PASS","intron","","1","75168","0","1","0.00001330","0","7205","0","0","5824","0","1","41540","0","0","4219","0","0","8744","0","0","551","0","0","7085","0"
"X","41202634",".","A","G","","","c.679+30A>G","PASS","intron","","4","74430","0","1","0.00005374","3","7157","0","0","5751","0","1","41160","0","0","4203","0","0","8697","0","0","550","0","0","6912","0"
"X","41202641",".","T","C","","","c.679+37T>C","PASS","intron","","1","72978","0","0","0.00001370","0","7046","0","0","5614","0","1","40416","0","0","4152","0","0","8608","0","0","540","0","0","6602","0"
"X","41202653",".","C","G","","","c.679+49C>G","PASS","intron","","2","64949","0","0","0.00003079","0","6428","0","0","4881","0","0","35875","0","0","3832","0","2","8072","0","0","490","0","0","5371","0"
"X","41202939",".","A","T","","","c.680-51A>T","PASS","intron","","4","84391","0","3","0.00004740","0","7821","0","4","6544","0","0","46603","0","0","4492","0","0","9217","0","0","605","0","0","9109","0"
"X","41202940",".","A","T","","","c.680-50A>T","PASS","intron","","1","84411","0","0","0.00001185","0","7824","0","0","6547","0","0","46619","0","0","4489","0","0","9218","0","0","604","0","1","9110","0"
"X","41202940",".","A","G","","","c.680-50A>G","PASS","intron","","2","84411","0","0","0.00002369","0","7824","0","0","6547","0","2","46619","0","0","4489","0","0","9218","0","0","604","0","0","9110","0"
"X","41202946",".","G","A","","","c.680-44G>A","PASS","intron","","3","84458","0","3","0.00003552","0","7821","0","0","6539","0","0","46650","0","0","4491","0","0","9220","0","0","604","0","3","9133","0"
"X","41202948",".","TTAAAAG","T","","","c.680-38_680-33delAAGTAA","PASS","intron","","1","84602","0","0","0.00001182","0","7825","0","0","6548","0","1","46751","0","0","4496","0","0","9229","0","0","608","0","0","9145","0"
"X","41202966",".","ATTTG","A","","","c.680-12_680-9delGTTT","PASS","intron","","11","85175","0","5","0.0001291","9","7852","0","0","6581","0","0","47060","0","0","4502","0","1","9257","0","0","614","0","1","9309","0"
"X","41202969",".","T","G","","","c.680-21T>G","PASS","intron","","1","85438","0","0","0.00001170","1","7844","0","0","6592","0","0","47189","0","0","4511","0","0","9266","0","0","614","0","0","9422","0"
"X","41202970",".","G","A","","","c.680-20G>A","PASS","intron","","1","85454","0","0","0.00001170","1","7841","0","0","6590","0","0","47202","0","0","4510","0","0","9266","0","0","614","0","0","9431","0"
"X","41202973",".","T","C","","","c.680-17T>C","PASS","intron","","1","85687","0","0","0.00001167","1","7865","0","0","6599","0","0","47307","0","0","4511","0","0","9274","0","0","614","0","0","9517","0"
"X","41203024",".","C","T","p.Ile238Ile","p.Ile238Ile","c.714C>T","PASS","synonymous","","1","86988","0","0","0.00001150","0","7916","0","0","6613","0","1","47911","0","0","4530","0","0","9307","0","0","625","0","0","10086","0"
"X","41203031",".","C","A","p.Gln241Lys","p.Gln241Lys","c.721C>A","PASS","missense","","3","86974","0","0","0.00003449","0","7916","0","0","6614","0","2","47895","0","1","4530","0","0","9307","0","0","625","0","0","10087","0"
"X","41203055",".","G","A","p.Glu249Lys","p.Glu249Lys","c.745G>A","PASS","missense","","1","86761","0","0","0.00001153","0","7905","0","0","6608","0","1","47766","0","0","4524","0","0","9298","0","0","623","0","0","10037","0"
"X","41203057",".","G","A","p.Glu249Glu","p.Glu249Glu","c.747G>A","PASS","synonymous","","1","86742","0","1","0.00001153","0","7902","0","0","6607","0","0","47758","0","0","4524","0","0","9297","0","0","623","0","1","10031","0"
"X","41203069",".","C","T","p.Ala253Ala","p.Ala253Ala","c.759C>T","PASS","synonymous","","1","86377","0","0","0.00001158","0","7885","0","0","6590","0","1","47545","0","0","4520","0","0","9286","0","0","622","0","0","9929","0"
"X","41203070",".","A","G","p.Met254Val","p.Met254Val","c.760A>G","PASS","missense","","1","86224","0","1","0.00001160","0","7886","0","0","6575","0","1","47449","0","0","4514","0","0","9283","0","0","622","0","0","9895","0"
"X","41203072",".","G","C","p.Met254Ile","p.Met254Ile","c.762G>C","PASS","missense","","1","86206","0","0","0.00001160","0","7886","0","0","6574","0","0","47438","0","1","4514","0","0","9283","0","0","622","0","0","9889","0"
"X","41203089",".","T","C","","","c.765+14T>C","PASS","intron","","1","85398","0","0","0.00001171","1","7856","0","0","6531","0","0","46906","0","0","4499","0","0","9245","0","0","617","0","0","9744","0"
"X","41203094",".","A","G","","","c.765+19A>G","PASS","intron","","1","85108","0","0","0.00001175","0","7840","0","1","6517","0","0","46727","0","0","4478","0","0","9236","0","0","617","0","0","9693","0"
"X","41203100",".","A","T","","","c.765+25A>T","PASS","intron","","1","84745","0","0","0.00001180","1","7823","0","0","6486","0","0","46520","0","0","4475","0","0","9215","0","0","615","0","0","9611","0"
"X","41203111",".","C","G","","","c.765+36C>G","PASS","intron","","1","83836","0","0","0.00001193","0","7771","0","0","6414","0","0","45978","0","0","4470","0","1","9174","0","0","609","0","0","9420","0"
"X","41203119","rs2275944","G","A","","","c.765+44G>A","PASS","intron","","47169","81791","9782","16455","0.5767","5511","7689","1513","6124","6346","2124","19269","44493","2694","1995","4331","261","6843","8975","2019","318","604","50","7109","9353","1121"
"X","41203125",".","A","G","","","c.765+50A>G","PASS","intron","","4","81474","0","2","0.00004910","0","7647","0","0","6180","0","4","44621","0","0","4410","0","0","9006","0","0","601","0","0","9009","0"
"X","41203238",".","A","T","","","c.766-45A>T","PASS","intron","","1","53993","0","0","0.00001852","0","5527","0","0","3569","0","0","29471","0","0","3186","0","0","6743","0","0","433","0","1","5064","0"
"X","41203243",".","GGGTA","G","","","c.766-34_766-31delGTAG","PASS","intron","","1","54000","0","0","0.00001852","1","5535","0","0","3555","0","0","29451","0","0","3183","0","0","6780","0","0","434","0","0","5062","0"
"X","41203244",".","G","A","","","c.766-39G>A","PASS","intron","","1","54093","0","1","0.00001849","0","5547","0","1","3575","0","0","29512","0","0","3187","0","0","6772","0","0","434","0","0","5066","0"
"X","41203247",".","A","T","","","c.766-36A>T","PASS","intron","","1","54580","0","0","0.00001832","1","5603","0","0","3629","0","0","29741","0","0","3208","0","0","6858","0","0","436","0","0","5105","0"
"X","41203249",".","G","A","","","c.766-34G>A","PASS","intron","","2","54796","0","0","0.00003650","1","5624","0","0","3644","0","0","29873","0","0","3210","0","0","6862","0","0","439","0","1","5144","0"
"X","41203266",".","ATTAAC","A","","","c.766-13_766-9delACTTA","PASS","intron","","7","58110","0","3","0.0001205","0","5829","0","0","3958","0","7","31743","0","0","3338","0","0","7303","0","0","455","0","0","5484","0"
"X","41203315",".","C","T","p.Pro282Ser†","p.Pro282Ser","c.844C>T","PASS","missense","","1","74909","0","0","0.00001335","0","6989","0","1","5615","0","0","41006","0","0","4045","0","0","8741","0","0","544","0","0","7969","0"
"X","41203320",".","T","C","p.Ile268Thr","p.Ile268Thr","c.803T>C","PASS","missense","","1","75601","0","0","0.00001323","1","7054","0","0","5681","0","0","41371","0","0","4084","0","0","8778","0","0","549","0","0","8084","0"
"X","41203356",".","T","C","p.Val280Ala","p.Val280Ala","c.839T>C","PASS","missense","","1","77579","0","0","0.00001289","1","7252","0","0","5844","0","0","42555","0","0","4209","0","0","8861","0","0","558","0","0","8300","0"
"X","41203366",".","C","T","p.Arg299Ter†","p.Arg299Ter","c.895C>T","PASS","stop gained","LC LoF","2","77682","0","2","0.00002575","0","7285","0","0","5859","0","0","42640","0","0","4230","0","0","8853","0","0","560","0","2","8255","0"
"X","41203381",".","A","G","p.Ile304Val†","p.Ile304Val","c.910A>G","PASS","missense","","3","78436","0","1","0.00003825","0","7393","0","0","5929","0","0","43102","0","0","4277","0","0","8870","0","0","564","0","3","8301","0"
"X","41203403",".","T","G","","","c.864+22T>G","PASS","intron","","7","79849","0","3","0.00008767","0","7538","0","0","6046","0","0","43984","0","0","4352","0","1","8945","0","0","569","0","6","8415","0"
"X","41203408",".","G","T","","","c.864+27G>T","PASS","intron","","1","80227","0","0","0.00001246","0","7569","0","1","6095","0","0","44193","0","0","4371","0","0","8964","0","0","577","0","0","8458","0"
"X","41203417",".","T","C","","","c.864+36T>C","PASS","intron","","1","81158","0","0","0.00001232","0","7662","0","0","6166","0","0","44739","0","0","4411","0","0","9027","0","0","579","0","1","8574","0"
"X","41203418",".","T","C","","","c.864+37T>C","PASS","intron","","1","81328","0","0","0.00001230","0","7675","0","0","6178","0","1","44819","0","0","4421","0","0","9032","0","0","583","0","0","8620","0"
"X","41203420",".","A","T","","","c.864+39A>T","PASS","intron","","1","81607","0","0","0.00001225","0","7703","0","0","6208","0","0","44977","0","0","4433","0","0","9057","0","0","585","0","1","8644","0"
"X","41203432",".","T","A","","","c.864+51T>A","PASS","intron","","1","83396","0","0","0.00001199","0","7815","0","1","6337","0","0","46039","0","0","4483","0","0","9167","0","0","599","0","0","8956","0"
"X","41203454","rs188024690","T","C","","","c.865-38T>C","PASS","intron","","28","86492","0","13","0.0003237","0","7964","0","0","6596","0","28","47780","0","0","4527","0","0","9311","0","0","620","0","0","9694","0"
"X","41203456",".","T","C","","","c.865-36T>C","PASS","intron","","1","86504","0","0","0.00001156","0","7965","0","0","6600","0","1","47783","0","0","4527","0","0","9311","0","0","620","0","0","9698","0"
"X","41203459",".","C","T","","","c.865-33C>T","PASS","intron","","2","86497","0","2","0.00002312","0","7965","0","0","6604","0","0","47790","0","0","4528","0","0","9313","0","0","620","0","2","9677","0"
"X","41203462",".","T","C","","","c.865-30T>C","PASS","intron","","1","86599","0","0","0.00001155","0","7969","0","0","6609","0","0","47812","0","0","4528","0","0","9313","0","0","620","0","1","9748","0"
"X","41203469",".","C","G","","","c.865-23C>G","PASS","intron","","3","86651","0","2","0.00003462","0","7980","0","0","6627","0","1","47837","0","0","4528","0","0","9315","0","0","619","0","2","9745","0"
"X","41203475",".","A","AT","","","c.865-9dupT","PASS","intron","","3","85984","0","0","0.00003489","1","7972","0","0","6605","0","0","47563","0","0","4520","0","0","9284","0","0","614","0","2","9426","0"
"X","41203475",".","AT","A","","","c.865-9delT","PASS","intron","","1","85984","0","0","0.00001163","0","7972","0","0","6605","0","1","47563","0","0","4520","0","0","9284","0","0","614","0","0","9426","0"
"X","41203488",".","A","G","c.865-4A>G","","c.865-4A>G","PASS","splice region","","1","87083","0","0","0.00001148","0","8052","0","0","6636","0","1","47938","0","0","4530","0","0","9321","0","0","625","0","0","9981","0"
"X","41203497",".","A","G","p.Ile306Val†","p.Ile306Val","c.916A>G","PASS","missense","","1","87338","0","0","0.00001145","0","8206","0","0","6637","0","1","47959","0","0","4530","0","0","9321","0","0","632","0","0","10053","0"
"X","41203521",".","C","T","p.Cys298Cys","p.Cys298Cys","c.894C>T","PASS","synonymous","","5","87692","0","1","0.00005702","1","8456","0","1","6638","0","1","47994","0","0","4530","0","0","9322","0","0","633","0","2","10119","0"
"X","41203539",".","C","T","p.Ala304Ala","p.Ala304Ala","c.912C>T","PASS","synonymous","","4","87735","0","0","0.00004559","1","8490","0","0","6638","0","1","47997","0","0","4530","0","2","9322","0","0","633","0","0","10125","0"
"X","41203560",".","A","C","p.Arg311Arg","p.Arg311Arg","c.933A>C","PASS","synonymous","","1","87744","0","1","0.00001140","0","8498","0","0","6638","0","1","47998","0","0","4530","0","0","9322","0","0","633","0","0","10125","0"
"X","41203564",".","T","C","p.Leu313Leu","p.Leu313Leu","c.937T>C","PASS","synonymous","","1","87744","0","0","0.00001140","0","8498","0","1","6638","0","0","47998","0","0","4530","0","0","9322","0","0","633","0","0","10125","0"
"X","41203564",".","T","A","p.Leu313Met","p.Leu313Met","c.937T>A","PASS","missense","","1","87744","0","1","0.00001140","0","8498","0","0","6638","0","1","47998","0","0","4530","0","0","9322","0","0","633","0","0","10125","0"
"X","41203575",".","A","G","p.Gly316Gly","p.Gly316Gly","c.948A>G","PASS","synonymous","","1","87746","0","0","0.00001140","0","8500","0","0","6638","0","1","47998","0","0","4530","0","0","9322","0","0","633","0","0","10125","0"
"X","41203593",".","C","T","p.Ala322Ala","p.Ala322Ala","c.966C>T","PASS","synonymous","","1","87748","0","1","0.00001140","0","8500","0","0","6638","0","1","47999","0","0","4530","0","0","9323","0","0","633","0","0","10125","0"
"X","41203596",".","T","C","p.Thr323Thr","p.Thr323Thr","c.969T>C","PASS","synonymous","","31","87748","0","6","0.0003533","30","8500","0","0","6638","0","0","47999","0","0","4530","0","1","9323","0","0","633","0","0","10125","0"
"X","41203635",".","T","A","p.Ile336Ile","p.Ile336Ile","c.1008T>A","PASS","synonymous","","1","87719","0","1","0.00001140","0","8479","0","0","6637","0","0","47995","0","0","4530","0","0","9323","0","0","633","0","1","10122","0"
"X","41203670",".","T","C","","","c.1025+18T>C","PASS","intron","","2","87034","0","0","0.00002298","0","8136","0","2","6566","0","0","47788","0","0","4528","0","0","9296","0","0","629","0","0","10091","0"
"X","41203673",".","GTTTTT","G","","","c.1025+24_1025+28delTTTTT","PASS","intron","","198","79734","2","60","0.002483","0","7793","0","170","5303","2","10","44926","0","0","4472","0","2","7386","0","0","591","0","16","9263","0"
"X","41203673",".","GTTTTTTTGTT","G","","","c.1025+24_1025+33delTTTTTGTTTT","PASS","intron","","4","79734","0","1","0.00005017","0","7793","0","1","5303","0","0","44926","0","0","4472","0","3","7386","0","0","591","0","0","9263","0"
"X","41203673",".","G","GT","","","c.1025+28dupT","PASS","intron","","1","79734","0","1","0.00001254","0","7793","0","0","5303","0","1","44926","0","0","4472","0","0","7386","0","0","591","0","0","9263","0"
"X","41203675",".","T","TG","","","c.1025+23_1025+24insG","PASS","intron","","2","79594","0","1","0.00002513","0","7816","0","0","5070","0","0","44970","0","0","4472","0","0","7422","0","0","593","0","2","9251","0"
"X","41203676",".","T","G","","","c.1025+24T>G","PASS","intron","","9328","86731","499","3700","0.1076","392","8139","7","2272","6378","278","3186","47725","62","263","4525","4","1216","9266","52","56","627","2","1943","10071","94"
"X","41203676",".","TTTTTG","T","","","c.1025+42_1025+46delTTGTT","PASS","intron","","14","86731","0","8","0.0001614","1","8139","0","1","6378","0","9","47725","0","0","4525","0","1","9266","0","0","627","0","2","10071","0"
"X","41203676",".","T","TTTTG","","","c.1025+27_1025+28insGTTT","PASS","intron","","2","86731","0","1","0.00002306","0","8139","0","0","6378","0","0","47725","0","0","4525","0","0","9266","0","0","627","0","2","10071","0"
"X","41203676",".","TTTTTGTTTTG","T","","","c.1025+37_1025+46delTTGTTTTGTT","PASS","intron","","1","86731","0","1","0.00001153","0","8139","0","0","6378","0","1","47725","0","0","4525","0","0","9266","0","0","627","0","0","10071","0"
"X","41203676",".","T","TTTTTG","","","c.1025+42_1025+46dupTTGTT","PASS","intron","","1","86731","0","0","0.00001153","0","8139","0","0","6378","0","0","47725","0","0","4525","0","0","9266","0","0","627","0","1","10071","0"
"X","41203678",".","T","G","","","c.1025+26T>G","PASS","intron","","10","78239","0","3","0.0001278","0","7578","0","0","4945","0","10","44230","0","0","4450","0","0","7317","0","0","579","0","0","9140","0"
"X","41203681",".","GT","G","","","c.1025+33delT","PASS","intron","","1","85736","0","0","0.00001166","0","7891","0","0","6483","0","0","47056","0","0","4501","0","0","9212","0","0","619","0","1","9974","0"
"X","41203681",".","G","T","","","c.1025+29G>T","PASS","intron","","1","85736","0","1","0.00001166","0","7891","0","0","6483","0","1","47056","0","0","4501","0","0","9212","0","0","619","0","0","9974","0"
"X","41203685",".","T","C","","","c.1025+33T>C","PASS","intron","","1","85836","0","0","0.00001165","0","7904","0","0","6502","0","0","47086","0","1","4503","0","0","9227","0","0","619","0","0","9995","0"
"X","41203685",".","T","A","","","c.1025+33T>A","PASS","intron","","1","85836","0","1","0.00001165","0","7904","0","0","6502","0","0","47086","0","0","4503","0","0","9227","0","0","619","0","1","9995","0"
"X","41203686",".","G","C","","","c.1025+34G>C","PASS","intron","","5","85801","0","2","0.00005827","0","7895","0","0","6502","0","4","47062","0","1","4502","0","0","9227","0","0","619","0","0","9994","0"
"X","41203701",".","TTTG","T","","","c.1025+52_1025+54delGTT","PASS","intron","","2","81974","0","1","0.00002440","0","7505","0","0","6196","0","0","44806","0","0","4338","0","0","8919","0","1","588","0","1","9622","0"
"X","41203707",".","T","G","","","c.1025+55T>G","PASS","intron","","1","78791","0","1","0.00001269","0","7252","0","0","5933","0","1","42905","0","0","4145","0","0","8665","0","0","567","0","0","9324","0"
"X","41203725",".","T","C","","","c.1025+73T>C","PASS","intron","","3","71074","0","2","0.00004221","0","6587","0","0","5404","0","0","38213","0","0","3806","0","0","7942","0","0","517","0","3","8605","0"
"X","41203730","rs192432611","G","A","","","c.1025+78G>A","PASS","intron","","2","67764","0","1","0.00002951","0","6233","0","2","5127","0","0","36389","0","0","3616","0","0","7546","0","0","496","0","0","8357","0"
"X","41203733",".","C","A","","","c.1025+81C>A","PASS","intron","","11","66847","0","1","0.0001646","11","6146","0","0","5041","0","0","35899","0","0","3564","0","0","7433","0","0","493","0","0","8271","0"
"X","41203736",".","G","T","","","c.1025+84G>T","PASS","intron","","1","65232","0","0","0.00001533","0","6007","0","0","4904","0","1","34994","0","0","3485","0","0","7207","0","0","482","0","0","8153","0"
"X","41203737",".","C","CT","","","c.1025+86dupT","PASS","intron","","1","64891","0","1","0.00001541","0","5987","0","1","4882","0","0","34805","0","0","3458","0","0","7155","0","0","479","0","0","8125","0"
"X","41203737",".","C","T","","","c.1025+85C>T","PASS","intron","","1","64891","0","0","0.00001541","0","5987","0","0","4882","0","1","34805","0","0","3458","0","0","7155","0","0","479","0","0","8125","0"
"X","41203746",".","C","A","","","c.1025+94C>A","PASS","intron","","1","54353","0","0","0.00001840","0","5102","0","0","4044","0","1","29005","0","0","2919","0","0","5752","0","0","419","0","0","7112","0"
"X","41203751",".","C","T","","","c.1025+99C>T","PASS","intron","","4","47509","0","0","0.00008419","0","4412","0","0","3432","0","2","25208","0","0","2453","0","0","4992","0","0","369","0","2","6643","0"
"X","41203752",".","G","A","","","c.1025+100G>A","PASS","intron","","12","45243","0","6","0.0002652","1","4199","0","0","3271","0","1","24012","0","0","2322","0","0","4658","0","0","354","0","10","6427","0"
"X","41203753","rs183788562","C","T","","","c.1025+101C>T","PASS","intron","","5","45079","0","1","0.0001109","0","4215","0","1","3247","0","1","23884","0","0","2327","0","0","4648","0","0","352","0","3","6406","0"
"X","41203754",".","G","A","","","c.1025+102G>A","PASS","intron","","11","43925","0","2","0.0002504","0","4098","0","11","3173","0","0","23229","0","0","2237","0","0","4506","0","0","346","0","0","6336","0"
"X","41203759",".","C","T","","","c.1025+107C>T","PASS","intron","","5","39403","0","4","0.0001269","1","3652","0","0","2821","0","1","20746","0","0","1989","0","0","3967","0","0","314","0","3","5914","0"
"X","41203760",".","G","A","","","c.1025+108G>A","PASS","intron","","3","38708","0","0","0.00007750","0","3632","0","0","2738","0","2","20358","0","0","1966","0","1","3906","0","0","304","0","0","5804","0"
"X","41203766",".","C","T","","","c.1025+114C>T","PASS","intron","","1","36336","0","0","0.00002752","1","3345","0","0","2525","0","0","19169","0","0","1797","0","0","3668","0","0","288","0","0","5544","0"
"X","41203767",".","C","T","","","c.1025+115C>T","PASS","intron","","1","32969","0","0","0.00003033","0","3080","0","0","2289","0","1","17397","0","0","1654","0","0","3257","0","0","264","0","0","5028","0"
"X","41203768",".","A","G","","","c.1025+116A>G","PASS","intron","","3","32155","0","0","0.00009330","0","3010","0","0","2223","0","3","16968","0","0","1615","0","0","3138","0","0","259","0","0","4942","0"
"X","41203777",".","G","A","","","c.1025+125G>A","PASS","intron","","1","27718","0","0","0.00003608","0","2581","0","0","1856","0","0","14587","0","0","1336","0","0","2506","0","1","226","0","0","4626","0"
"X","41203804",".","C","T","","","c.1025+152C>T","PASS","intron","","3","13882","0","0","0.0002161","2","1209","0","0","722","0","0","7545","0","0","544","0","1","889","0","0","124","0","0","2849","0"
"X","41204386",".","C","T","","","c.1026-47C>T","PASS","intron","","1","86380","0","0","0.00001158","0","7934","0","0","6612","0","1","47784","0","0","4530","0","0","9311","0","0","615","0","0","9594","0"
"X","41204393",".","A","T","","","c.1026-40A>T","PASS","intron","","1","86471","0","0","0.00001156","0","7938","0","1","6613","0","0","47805","0","0","4530","0","0","9313","0","0","615","0","0","9657","0"
"X","41204407",".","G","A","","","c.1026-26G>A","PASS","intron","","1","86608","0","1","0.00001155","0","7939","0","0","6617","0","1","47840","0","0","4530","0","0","9313","0","0","619","0","0","9750","0"
"X","41204408",".","C","T","","","c.1026-25C>T","PASS","intron","","7","86604","0","1","0.00008083","7","7942","0","0","6617","0","0","47840","0","0","4530","0","0","9311","0","0","619","0","0","9745","0"
"X","41204411",".","G","GT","","","c.1026-14dupT","PASS","intron","","22","85948","0","8","0.0002560","0","7905","0","0","6601","0","20","47591","0","0","4514","0","1","9281","0","1","613","0","0","9443","0"
"X","41204411",".","G","T","","","c.1026-22G>T","PASS","intron","","1","85948","0","1","0.00001163","1","7905","0","0","6601","0","0","47591","0","0","4514","0","0","9281","0","0","613","0","0","9443","0"
"X","41204419",".","TC","T","","","c.1026-13delC","PASS","intron","","2","86885","0","1","0.00002302","1","7949","0","0","6622","0","1","47899","0","0","4530","0","0","9312","0","0","627","0","0","9946","0"
"X","41204427",".","T","C","c.1026-6T>C","","c.1026-6T>C","PASS","splice region","","1","86988","0","0","0.00001150","0","7950","0","0","6622","0","0","47927","0","0","4530","0","1","9312","0","0","629","0","0","10018","0"
"X","41204502",".","C","T","p.Val365Val","p.Val365Val","c.1095C>T","PASS","synonymous","","8","87219","0","3","0.00009172","0","7994","0","0","6626","0","1","47997","0","0","4530","0","0","9320","0","0","629","0","7","10123","0"
"X","41204581",".","C","T","c.1170+4C>T","","c.1170+4C>T","PASS","splice region","","6","87194","0","3","0.00006881","0","7993","0","0","6622","0","1","47979","0","0","4529","0","0","9321","0","0","629","0","5","10121","0"
"X","41204608",".","T","G","","","c.1170+31T>G","PASS","intron","","1","86891","0","0","0.00001151","0","7928","0","0","6603","0","0","47793","0","0","4527","0","0","9314","0","0","625","0","1","10101","0"
"X","41204624",".","C","T","","","c.1171-33C>T","PASS","intron","","1","86717","0","0","0.00001153","0","7918","0","0","6574","0","0","47673","0","0","4528","0","1","9313","0","0","621","0","0","10090","0"
"X","41204636",".","TAAA","T","","","c.1171-18_1171-16delAAA","PASS","intron","","1","86553","0","0","0.00001155","0","7903","0","0","6554","0","1","47560","0","0","4524","0","0","9313","0","0","621","0","0","10078","0"
"X","41204639",".","A","T","","","c.1171-18A>T","PASS","intron","","4","86571","0","1","0.00004620","0","7900","0","4","6555","0","0","47581","0","0","4526","0","0","9313","0","0","621","0","0","10075","0"
"X","41204639",".","A","C","","","c.1171-18A>C","PASS","intron","","1","86571","0","1","0.00001155","0","7900","0","0","6555","0","1","47581","0","0","4526","0","0","9313","0","0","621","0","0","10075","0"
"X","41204640",".","A","C","","","c.1171-17A>C","PASS","intron","","1","86562","0","0","0.00001155","1","7896","0","0","6556","0","0","47576","0","0","4525","0","0","9312","0","0","620","0","0","10077","0"
"X","41204642",".","T","A","","","c.1171-15T>A","PASS","intron","","4","86445","0","2","0.00004627","0","7895","0","1","6553","0","0","47500","0","1","4524","0","0","9310","0","0","621","0","2","10042","0"
"X","41204646",".","T","C","","","c.1171-11T>C","PASS","intron","","1","86569","0","1","0.00001155","1","7903","0","0","6554","0","0","47579","0","0","4526","0","0","9314","0","0","621","0","0","10072","0"
"X","41204650",".","C","T","c.1171-7C>T","","c.1171-7C>T","PASS","splice region","","2","86553","0","0","0.00002311","0","7902","0","0","6558","0","2","47573","0","0","4525","0","0","9312","0","0","621","0","0","10062","0"
"X","41204652",".","T","C","c.1171-5T>C","","c.1171-5T>C","PASS","splice region","","1","86636","0","1","0.00001154","0","7908","0","0","6563","0","0","47629","0","0","4525","0","0","9313","0","0","621","0","1","10077","0"
"X","41204653",".","T","G","c.1171-4T>G","","c.1171-4T>G","PASS","splice region","","1","86651","0","1","0.00001154","0","7910","0","0","6567","0","0","47637","0","0","4525","0","0","9314","0","0","620","0","1","10078","0"
"X","41204654",".","C","T","c.1171-3C>T","","c.1171-3C>T","PASS","splice region","","1","86635","0","1","0.00001154","0","7912","0","0","6564","0","1","47627","0","0","4525","0","0","9314","0","0","622","0","0","10071","0"
"X","41204666",".","C","T","p.Arg394Cys","p.Arg394Cys","c.1180C>T","PASS","missense","","1","86808","0","0","0.00001152","0","7918","0","0","6593","0","0","47741","0","0","4526","0","1","9317","0","0","624","0","0","10089","0"
"X","41204677","rs189401500","A","G","p.Leu397Leu","p.Leu397Leu","c.1191A>G","PASS","synonymous","","34","86901","0","11","0.0003912","0","7921","0","34","6605","0","0","47808","0","0","4527","0","0","9316","0","0","624","0","0","10100","0"
"X","41204713",".","C","T","p.Gly409Gly","p.Gly409Gly","c.1227C>T","PASS","synonymous","","2","87058","0","1","0.00002297","0","7921","0","0","6616","0","2","47938","0","0","4529","0","0","9319","0","0","625","0","0","10110","0"
"X","41204719",".","C","T","p.Thr411Thr","p.Thr411Thr","c.1233C>T","PASS","synonymous","","1","87055","0","1","0.00001149","0","7921","0","1","6614","0","0","47942","0","0","4530","0","0","9319","0","0","625","0","0","10104","0"
"X","41204719",".","C","G","p.Thr411Thr","p.Thr411Thr","c.1233C>G","PASS","synonymous","","2","87055","0","2","0.00002297","0","7921","0","0","6614","0","0","47942","0","0","4530","0","0","9319","0","0","625","0","2","10104","0"
"X","41204731",".","C","A","p.Ile415Ile","p.Ile415Ile","c.1245C>A","PASS","synonymous","","1","87055","0","1","0.00001149","0","7927","0","0","6614","0","1","47944","0","0","4530","0","0","9319","0","0","625","0","0","10096","0"
"X","41204761",".","A","G","p.Ser425Ser","p.Ser425Ser","c.1275A>G","PASS","synonymous","","1","86862","0","1","0.00001151","0","7929","0","0","6614","0","1","47871","0","0","4530","0","0","9317","0","0","621","0","0","9980","0"
"X","41204766",".","A","G","p.Lys427Arg","p.Lys427Arg","c.1280A>G","PASS","missense","","1","86759","0","1","0.00001153","0","7929","0","0","6614","0","0","47835","0","1","4530","0","0","9317","0","0","619","0","0","9915","0"
"X","41204775",".","T","A","p.Phe430Tyr","p.Phe430Tyr","c.1289T>A","PASS","missense","","1","86499","0","0","0.00001156","1","7928","0","0","6616","0","0","47762","0","0","4530","0","0","9309","0","0","616","0","0","9738","0"
"X","41204805",".","A","G","c.1315+4A>G","","c.1315+4A>G","PASS","splice region","","1","83981","0","0","0.00001191","1","7816","0","0","6532","0","0","46661","0","0","4497","0","0","9269","0","0","600","0","0","8606","0"
"X","41204806",".","CATT","C","c.1315+8_1315+10delT...","","c.1315+8_1315+10delTAT","PASS","splice region","","2","83825","0","0","0.00002386","0","7812","0","0","6525","0","0","46594","0","0","4495","0","0","9264","0","0","599","0","2","8536","0"
"X","41204806",".","C","T","c.1315+5C>T","","c.1315+5C>T","PASS","splice region","","1","83825","0","0","0.00001193","0","7812","0","0","6525","0","1","46594","0","0","4495","0","0","9264","0","0","599","0","0","8536","0"
"X","41204816",".","TTTTTA","T","","","c.1315+23_1315+27delTTATT","PASS","intron","","3","82220","0","2","0.00003649","0","7699","0","0","6402","0","2","45799","0","0","4467","0","0","9212","0","1","586","0","0","8055","0"
"X","41204835",".","G","T","","","c.1315+34G>T","PASS","intron","","1","78632","0","0","0.00001272","1","7482","0","0","6099","0","0","44130","0","0","4411","0","0","9110","0","0","566","0","0","6834","0"
"X","41204839",".","G","A","","","c.1315+38G>A","PASS","intron","","2","77316","0","2","0.00002587","1","7376","0","0","5993","0","1","43457","0","0","4385","0","0","9054","0","0","559","0","0","6492","0"
"X","41204851",".","TGCCC","T","","","c.1315+51_1315+54delGCCC","PASS","intron","","6","75236","0","2","0.00007975","6","7217","0","0","5798","0","0","42285","0","0","4332","0","0","8959","0","0","543","0","0","6102","0"
"X","41205457",".","A","G","","","c.1316-25A>G","PASS","intron","","1","83311","0","0","0.00001200","0","7899","0","0","6593","0","1","47012","0","0","4528","0","0","9290","0","0","596","0","0","7393","0"
"X","41205459",".","A","C","","","c.1316-23A>C","PASS","intron","","1","83378","0","0","0.00001199","0","7899","0","1","6593","0","0","47032","0","0","4528","0","0","9291","0","0","596","0","0","7439","0"
"X","41205460",".","A","G","","","c.1316-22A>G","PASS","intron","","1","83397","0","0","0.00001199","0","7899","0","0","6596","0","0","47039","0","0","4528","0","0","9291","0","0","596","0","1","7448","0"
"X","41205474",".","A","G","c.1316-8A>G","","c.1316-8A>G","PASS","splice region","","2","84119","0","0","0.00002378","0","7922","0","0","6610","0","2","47263","0","0","4530","0","0","9296","0","0","601","0","0","7897","0"
"X","41205476",".","C","T","c.1316-6C>T","","c.1316-6C>T","PASS","splice region","","7","84229","0","2","0.00008311","0","7930","0","0","6613","0","2","47271","0","0","4530","0","0","9297","0","0","600","0","5","7988","0"
"X","41205477",".","G","A","c.1316-5G>A","","c.1316-5G>A","PASS","splice region","","1","84487","0","0","0.00001184","1","7939","0","0","6613","0","0","47345","0","0","4530","0","0","9303","0","0","603","0","0","8154","0"
"X","41205498",".","C","T","p.Thr444Thr","p.Thr444Thr","c.1332C>T","PASS","synonymous","","1","86029","0","1","0.00001162","0","8002","0","0","6632","0","0","47690","0","0","4530","0","0","9314","0","0","617","0","1","9244","0"
"X","41205564",".","C","T","p.Tyr466Tyr","p.Tyr466Tyr","c.1398C>T","PASS","synonymous","","1","87361","0","1","0.00001145","0","8152","0","0","6634","0","1","47975","0","0","4530","0","0","9322","0","0","631","0","0","10117","0"
"X","41205600","rs186110059","G","A","p.Arg478Arg","p.Arg478Arg","c.1434G>A","PASS","synonymous","","6","87444","0","3","0.00006862","3","8249","0","0","6621","0","3","47969","0","0","4530","0","0","9321","0","0","630","0","0","10124","0"
"X","41205630",".","C","A","p.Arg488Arg","p.Arg488Arg","c.1464C>A","PASS","synonymous","","1","87396","0","1","0.00001144","0","8278","0","0","6604","0","1","47925","0","0","4529","0","0","9320","0","0","630","0","0","10110","0"
"X","41205633",".","A","G","p.Ser489Ser","p.Ser489Ser","c.1467A>G","PASS","synonymous","","1","87380","0","0","0.00001144","0","8274","0","1","6603","0","0","47925","0","0","4529","0","0","9319","0","0","630","0","0","10100","0"
"X","41205636",".","A","G","p.Gly490Gly","p.Gly490Gly","c.1470A>G","PASS","synonymous","","1","87351","0","0","0.00001145","0","8264","0","0","6602","0","1","47910","0","0","4529","0","0","9319","0","0","630","0","0","10097","0"
"X","41205637",".","A","C","p.Lys491Gln","p.Lys491Gln","c.1471A>C","PASS","missense","","1","87358","0","0","0.00001145","0","8264","0","0","6602","0","0","47916","0","0","4529","0","1","9319","0","0","630","0","0","10098","0"
"X","41205637",".","A","G","p.Lys491Glu","p.Lys491Glu","c.1471A>G","PASS","missense","","1","87358","0","0","0.00001145","0","8264","0","0","6602","0","1","47916","0","0","4529","0","0","9319","0","0","630","0","0","10098","0"
"X","41205668",".","G","A","c.1497+5G>A","","c.1497+5G>A","PASS","splice region","","28","86807","0","11","0.0003226","0","8105","0","0","6584","0","25","47719","0","0","4495","0","1","9301","0","1","624","0","1","9979","0"
"X","41205690",".","C","G","","","c.1497+27C>G","PASS","intron","","2","86712","0","0","0.00002306","0","8069","0","0","6590","0","0","47757","0","2","4523","0","0","9310","0","0","625","0","0","9838","0"
"X","41205692","rs190934026","A","G","","","c.1497+29A>G","PASS","intron","","360","86725","1","139","0.004151","3","8064","0","0","6596","0","179","47767","1","173","4525","0","2","9310","0","3","625","0","0","9838","0"
"X","41205694","rs147928835","T","C","","","c.1497+31T>C","PASS","intron","","11","86733","0","2","0.0001268","11","8057","0","0","6603","0","0","47777","0","0","4529","0","0","9311","0","0","623","0","0","9833","0"
"X","41205695",".","T","G","","","c.1497+32T>G","PASS","intron","","2","86732","0","1","0.00002306","0","8057","0","0","6605","0","2","47777","0","0","4529","0","0","9311","0","0","623","0","0","9830","0"
"X","41205700",".","A","G","","","c.1497+37A>G","PASS","intron","","1","86705","0","1","0.00001153","0","8036","0","0","6615","0","1","47788","0","0","4529","0","0","9310","0","0","623","0","0","9804","0"
"X","41205707",".","A","G","","","c.1497+44A>G","PASS","intron","","1","86671","0","0","0.00001154","1","8023","0","0","6617","0","0","47799","0","0","4530","0","0","9309","0","0","620","0","0","9773","0"
"X","41205709","rs2272173","T","C","","","c.1497+46T>C","PASS","intron","","164","86672","3","52","0.001892","0","8017","0","160","6619","3","2","47803","0","0","4530","0","1","9310","0","0","621","0","1","9772","0"
"X","41205719",".","C","T","","","c.1498-39C>T","PASS","intron","","1","86612","0","0","0.00001155","0","8002","0","0","6626","0","1","47802","0","0","4530","0","0","9312","0","0","620","0","0","9720","0"
"X","41205726",".","G","A","","","c.1498-32G>A","PASS","intron","","1","86626","0","1","0.00001154","0","8000","0","0","6625","0","0","47821","0","0","4530","0","0","9315","0","0","620","0","1","9715","0"
"X","41205728",".","G","A","","","c.1498-30G>A","PASS","intron","","1","86606","0","0","0.00001155","0","7997","0","1","6626","0","0","47817","0","0","4530","0","0","9316","0","0","619","0","0","9701","0"
"X","41205733",".","A","G","","","c.1498-25A>G","PASS","intron","","2","86585","0","0","0.00002310","0","7994","0","2","6628","0","0","47820","0","0","4530","0","0","9316","0","0","619","0","0","9678","0"
"X","41205743",".","A","G","","","c.1498-15A>G","PASS","intron","","2","86588","0","2","0.00002310","0","7997","0","0","6627","0","0","47818","0","0","4530","0","0","9316","0","0","620","0","2","9680","0"
"X","41205748",".","T","G","","","c.1498-10T>G","PASS","intron","","1","86584","0","0","0.00001155","0","8001","0","0","6630","0","1","47820","0","0","4530","0","0","9315","0","0","621","0","0","9667","0"
"X","41205750",".","T","C","c.1498-8T>C","","c.1498-8T>C","PASS","splice region","","1","86577","0","1","0.00001155","0","8001","0","0","6630","0","0","47816","0","0","4530","0","1","9315","0","0","621","0","0","9664","0"
"X","41205755",".","C","G","c.1498-3C>G","","c.1498-3C>G","PASS","splice region","","1","86538","0","1","0.00001156","0","7995","0","0","6630","0","1","47810","0","0","4530","0","0","9316","0","0","621","0","0","9636","0"
"X","41205787",".","T","C","p.Asn509Asn","p.Asn509Asn","c.1527T>C","PASS","synonymous","","5","86846","0","1","0.00005757","0","8061","0","0","6631","0","0","47866","0","0","4530","0","5","9318","0","0","626","0","0","9814","0"
"X","41205829",".","A","G","p.Glu523Glu","p.Glu523Glu","c.1569A>G","PASS","synonymous","","1","86871","0","1","0.00001151","0","8121","0","0","6633","0","0","47861","0","0","4530","0","0","9317","0","0","626","0","1","9783","0"
"X","41205835",".","T","C","p.Tyr525Tyr","p.Tyr525Tyr","c.1575T>C","PASS","synonymous","","2","86769","0","1","0.00002305","0","8121","0","0","6633","0","0","47833","0","1","4530","0","0","9316","0","0","624","0","1","9712","0"
"X","41205844",".","T","C","p.Arg528Arg","p.Arg528Arg","c.1584T>C","PASS","synonymous","","2","86454","0","1","0.00002313","0","8100","0","0","6631","0","2","47771","0","0","4530","0","0","9316","0","0","626","0","0","9480","0"
"X","41205847",".","T","C","p.Ile529Ile","p.Ile529Ile","c.1587T>C","PASS","synonymous","","1","86361","0","0","0.00001158","0","8094","0","0","6633","0","0","47751","0","0","4530","0","1","9315","0","0","624","0","0","9414","0"
"X","41205853",".","T","C","p.Arg531Arg","p.Arg531Arg","c.1593T>C","PASS","synonymous","","12","86002","0","7","0.0001395","0","8075","0","0","6628","0","0","47674","0","0","4530","0","0","9313","0","0","619","0","12","9163","0"
"X","41205856",".","G","A","p.Thr532Thr","p.Thr532Thr","c.1596G>A","PASS","synonymous","","4","85659","0","1","0.00004670","0","8049","0","0","6623","0","4","47596","0","0","4530","0","0","9308","0","0","611","0","0","8942","0"
"X","41205862",".","T","G","p.Arg534Arg","p.Arg534Arg","c.1602T>G","PASS","synonymous","","1","85462","0","0","0.00001170","1","8046","0","0","6622","0","0","47557","0","0","4530","0","0","9307","0","0","609","0","0","8791","0"
"X","41205903",".","A","G","","","c.1615+28A>G","PASS","intron","","1","83729","0","0","0.00001194","0","7933","0","1","6605","0","0","47160","0","0","4530","0","0","9293","0","0","593","0","0","7615","0"
"X","41205915",".","T","C","","","c.1615+40T>C","PASS","intron","","1","83370","0","0","0.00001199","0","7916","0","0","6602","0","0","47067","0","0","4530","0","1","9288","0","0","584","0","0","7383","0"
"X","41205918",".","G","C","","","c.1615+43G>C","PASS","intron","","7","83255","0","4","0.00008408","0","7911","0","0","6598","0","0","47036","0","0","4530","0","0","9289","0","0","584","0","7","7307","0"
"X","41205919",".","A","T","","","c.1615+44A>T","PASS","intron","","1","83279","0","0","0.00001201","1","7911","0","0","6598","0","0","47049","0","0","4530","0","0","9289","0","0","586","0","0","7316","0"
"X","41206068",".","T","C","","","c.1616-44T>C","PASS","intron","","2","82349","0","0","0.00002429","2","7825","0","0","6564","0","0","46626","0","0","4526","0","0","9274","0","0","584","0","0","6950","0"
"X","41206077",".","C","T","","","c.1616-35C>T","PASS","intron","","1","82443","0","1","0.00001213","0","7830","0","0","6568","0","1","46653","0","0","4526","0","0","9277","0","0","584","0","0","7005","0"
"X","41206080",".","T","C","","","c.1616-32T>C","PASS","intron","","1","82493","0","1","0.00001212","0","7831","0","0","6568","0","0","46685","0","0","4526","0","0","9275","0","0","584","0","1","7024","0"
"X","41206104",".","T","G","c.1616-8T>G","","c.1616-8T>G","PASS","splice region","","1","83449","0","0","0.00001198","0","7866","0","0","6585","0","1","47010","0","0","4529","0","0","9284","0","0","593","0","0","7582","0"
"X","41206105",".","CTT","C","c.1616-4_1616-3delTT","","c.1616-4_1616-3delTT","PASS","splice region","","1","83465","0","1","0.00001198","0","7869","0","0","6586","0","1","47021","0","0","4529","0","0","9283","0","0","592","0","0","7585","0"
"X","41206106",".","T","C","c.1616-6T>C","","c.1616-6T>C","PASS","splice region","","1","83544","0","0","0.00001197","0","7869","0","0","6587","0","0","47036","0","0","4529","0","1","9284","0","0","592","0","0","7647","0"
"X","41206107",".","T","C","c.1616-5T>C","","c.1616-5T>C","PASS","splice region","","1","83601","0","0","0.00001196","1","7872","0","0","6590","0","0","47058","0","0","4529","0","0","9284","0","0","593","0","0","7675","0"
"X","41206109",".","T","C","c.1616-3T>C","","c.1616-3T>C","PASS","splice region","","7","83724","0","1","0.00008361","7","7872","0","0","6591","0","0","47094","0","0","4529","0","0","9285","0","0","593","0","0","7760","0"
"X","41206114",".","C","T","c.1618C>T","p.Leu540Leu","c.1618C>T","PASS","splice region","","2","84078","0","2","0.00002379","0","7881","0","0","6597","0","0","47198","0","0","4529","0","0","9286","0","0","596","0","2","7991","0"
"X","41206171",".","C","G","p.Leu559Val","p.Leu559Val","c.1675C>G","PASS","missense","","1","86889","0","0","0.00001151","0","7940","0","0","6613","0","0","47891","0","0","4530","0","1","9319","0","0","623","0","0","9973","0"
"X","41206177",".","G","C","p.Val561Leu","p.Val561Leu","c.1681G>C","PASS","missense","","1","86950","0","1","0.00001150","0","7940","0","0","6615","0","0","47906","0","0","4530","0","1","9319","0","0","624","0","0","10016","0"
"X","41206200",".","G","A","p.Pro568Pro","p.Pro568Pro","c.1704G>A","PASS","synonymous","","2","87016","0","2","0.00002298","0","7940","0","0","6614","0","2","47928","0","0","4530","0","0","9320","0","0","624","0","0","10060","0"
"X","41206200",".","G","C","p.Pro568Pro","p.Pro568Pro","c.1704G>C","PASS","synonymous","","1","87016","0","1","0.00001149","0","7940","0","1","6614","0","0","47928","0","0","4530","0","0","9320","0","0","624","0","0","10060","0"
"X","41206230",".","C","T","p.His578His","p.His578His","c.1734C>T","PASS","synonymous","","1","86753","0","1","0.00001153","0","7931","0","1","6615","0","0","47835","0","0","4528","0","0","9316","0","0","620","0","0","9908","0"
"X","41206244",".","G","A","p.Ser583Asn","p.Ser583Asn","c.1748G>A","PASS","missense","","1","86158","0","0","0.00001161","1","7917","0","0","6610","0","0","47652","0","0","4521","0","0","9312","0","0","617","0","0","9529","0"
"X","41206286",".","A","G","","","c.1769+21A>G","PASS","intron","","68","83728","0","23","0.0008122","2","7858","0","0","6573","0","58","46877","0","1","4507","0","7","9275","0","0","594","0","0","8044","0"
"X","41206301","rs190178652","T","C","","","c.1769+36T>C","PASS","intron","","18","83092","0","7","0.0002166","0","7851","0","18","6560","0","0","46638","0","0","4501","0","0","9261","0","0","590","0","0","7691","0"
"X","41206306",".","A","G","","","c.1769+41A>G","PASS","intron","","2","82798","0","0","0.00002416","0","7832","0","2","6551","0","0","46500","0","0","4500","0","0","9253","0","0","590","0","0","7572","0"
"X","41206307",".","C","T","","","c.1769+42C>T","PASS","intron","","1","82725","0","0","0.00001209","0","7828","0","1","6550","0","0","46473","0","0","4500","0","0","9255","0","0","588","0","0","7531","0"
"X","41206314",".","T","C","","","c.1769+49T>C","PASS","intron","","1","82311","0","1","0.00001215","0","7815","0","0","6526","0","1","46281","0","0","4493","0","0","9239","0","0","584","0","0","7373","0"
"X","41206316",".","C","G","","","c.1769+51C>G","PASS","intron","","2","82198","0","0","0.00002433","1","7818","0","0","6517","0","0","46230","0","0","4491","0","1","9233","0","0","586","0","0","7323","0"
"X","41206530","rs145671179","T","G","","","c.1770-35T>G","PASS","intron","","559","84347","1","242","0.006627","10","7936","0","2","6624","0","386","47261","0","12","4529","0","49","9298","0","3","602","0","97","8097","1"
"X","41206530","rs145671179","T","A","","","c.1770-35T>A","PASS","intron","","2","84347","0","1","0.00002371","0","7936","0","0","6624","0","1","47261","0","0","4529","0","0","9298","0","1","602","0","0","8097","0"
"X","41206542",".","C","G","","","c.1770-23C>G","PASS","intron","","1","84605","0","0","0.00001182","0","7937","0","0","6625","0","0","47329","0","0","4529","0","1","9299","0","0","602","0","0","8284","0"
"X","41206548",".","T","C","","","c.1770-17T>C","PASS","intron","","1","84914","0","1","0.00001178","0","7936","0","0","6626","0","0","47401","0","0","4529","0","0","9302","0","0","609","0","1","8511","0"
"X","41206549",".","A","G","","","c.1770-16A>G","PASS","intron","","8","84948","0","3","0.00009418","0","7938","0","0","6627","0","4","47414","0","0","4529","0","4","9302","0","0","608","0","0","8530","0"
"X","41206557",".","TC","T","c.1770-7delC","","c.1770-7delC","PASS","splice region","","3","85222","0","1","0.00003520","0","7943","0","0","6629","0","0","47489","0","0","4529","0","0","9304","0","0","610","0","3","8718","0"
"X","41206558",".","C","G","c.1770-7C>G","","c.1770-7C>G","PASS","splice region","","1","85240","0","0","0.00001173","0","7943","0","0","6629","0","0","47491","0","0","4529","0","0","9306","0","0","610","0","1","8732","0"
"X","41206560",".","T","A","c.1770-5T>A","","c.1770-5T>A","PASS","splice region","","1","85380","0","0","0.00001171","0","7944","0","1","6629","0","0","47520","0","0","4529","0","0","9307","0","0","613","0","0","8838","0"
"X","41206562",".","T","C","c.1770-3T>C","","c.1770-3T>C","PASS","splice region","","26","85485","0","5","0.0003041","4","7947","0","0","6631","0","4","47541","0","0","4529","0","17","9309","0","0","614","0","1","8914","0"
"X","41206576",".","G","A","p.Ser594Asn","p.Ser594Asn","c.1781G>A","PASS","missense","","1","86413","0","1","0.00001157","0","7964","0","0","6633","0","1","47768","0","0","4529","0","0","9312","0","0","621","0","0","9586","0"
"X","41206577",".","T","C","p.Ser594Ser","p.Ser594Ser","c.1782T>C","PASS","synonymous","","1","86442","0","0","0.00001157","0","7964","0","0","6633","0","1","47777","0","0","4528","0","0","9313","0","0","621","0","0","9606","0"
"X","41206614",".","G","A","p.Gly607Ser","p.Gly607Ser","c.1819G>A","PASS","missense","","1","87105","0","0","0.00001148","0","8018","0","0","6635","0","1","47912","0","0","4528","0","0","9313","0","0","630","0","0","10069","0"
"X","41206617",".","G","A","p.Ala608Thr","p.Ala608Thr","c.1822G>A","PASS","missense","","9","87134","0","2","0.0001033","0","8028","0","0","6635","0","0","47924","0","7","4528","0","0","9314","0","2","629","0","0","10076","0"
"X","41206620",".","A","T","p.Ser609Cys","p.Ser609Cys","c.1825A>T","PASS","missense","","1","87145","0","0","0.00001148","0","8032","0","0","6635","0","0","47921","0","0","4529","0","1","9315","0","0","630","0","0","10083","0"
"X","41206635",".","A","G","p.Ser614Gly","p.Ser614Gly","c.1840A>G","PASS","missense","","1","87131","0","1","0.00001148","0","8045","0","0","6633","0","0","47896","0","0","4523","0","0","9314","0","1","628","0","0","10092","0"
"X","41206647",".","G","A","p.Ala618Thr","p.Ala618Thr","c.1852G>A","PASS","missense","","1","86814","0","0","0.00001152","0","7975","0","0","6628","0","0","47690","0","0","4516","0","0","9301","0","0","627","0","1","10077","0"
"X","41206647",".","G","T","p.Ala618Ser","p.Ala618Ser","c.1852G>T","PASS","missense","","1","86814","0","0","0.00001152","0","7975","0","0","6628","0","1","47690","0","0","4516","0","0","9301","0","0","627","0","0","10077","0"
"X","41206667",".","C","T","p.Gly624Gly","p.Gly624Gly","c.1872C>T","PASS","synonymous","","1","86973","0","0","0.00001150","0","8054","0","0","6630","0","0","47808","0","0","4526","0","1","9311","0","0","629","0","0","10015","0"
"X","41206679",".","C","T","p.His628His","p.His628His","c.1884C>T","PASS","synonymous","","1","86974","0","0","0.00001150","0","8085","0","0","6631","0","1","47856","0","0","4527","0","0","9314","0","0","629","0","0","9932","0"
"X","41206682",".","TAGC","T","p.Ser631del","p.Ser631del","c.1893_1895delCAG","PASS","inframe deletion","","1","86964","0","0","0.00001150","0","8088","0","0","6634","0","0","47866","0","0","4524","0","0","9312","0","0","630","0","1","9910","0"
"X","41206715",".","T","C","","","c.1909+11T>C","PASS","intron","","2","86701","0","0","0.00002307","0","8077","0","2","6627","0","0","47812","0","0","4529","0","0","9313","0","0","624","0","0","9719","0"
"X","41206716",".","CTG","C","","","c.1909+14_1909+15delGT","PASS","intron","","1","86669","0","1","0.00001154","0","8076","0","1","6627","0","0","47807","0","0","4529","0","0","9311","0","0","625","0","0","9694","0"
"X","41206726",".","A","G","","","c.1909+22A>G","PASS","intron","","1","86591","0","0","0.00001155","0","8033","0","0","6627","0","1","47794","0","0","4529","0","0","9313","0","0","625","0","0","9670","0"
"X","41206847",".","A","G","","","c.1910-46A>G","PASS","intron","","1","86847","0","0","0.00001151","0","7959","0","0","6529","0","0","47806","0","0","4525","0","0","9296","0","0","626","0","1","10106","0"
"X","41206849",".","G","T","","","c.1910-44G>T","PASS","intron","","1","86836","0","0","0.00001152","0","7959","0","0","6526","0","1","47802","0","0","4525","0","0","9295","0","0","626","0","0","10103","0"
"X","41206854",".","A","G","","","c.1910-39A>G","PASS","intron","","2","86852","0","1","0.00002303","0","7960","0","0","6530","0","0","47808","0","0","4525","0","0","9297","0","0","626","0","2","10106","0"
"X","41206863",".","A","ATT","","","c.1910-28_1910-27dupTT","PASS","intron","","1","86874","0","1","0.00001151","0","7962","0","1","6533","0","0","47825","0","0","4526","0","0","9298","0","0","626","0","0","10104","0"
"X","41206865",".","TTCTC","T","","","c.1910-22_1910-19delCTCT","PASS","intron","","6","86876","0","1","0.00006906","2","7959","0","0","6537","0","4","47829","0","0","4526","0","0","9297","0","0","626","0","0","10102","0"
"X","41206865",".","TTC","T","","","c.1910-20_1910-19delCT","PASS","intron","","2","86876","0","0","0.00002302","1","7959","0","0","6537","0","0","47829","0","0","4526","0","1","9297","0","0","626","0","0","10102","0"
"X","41206867",".","C","A","","","c.1910-26C>A","PASS","intron","","2","86871","0","1","0.00002302","0","7958","0","0","6539","0","2","47825","0","0","4526","0","0","9295","0","0","626","0","0","10102","0"
"X","41206869",".","C","G","","","c.1910-24C>G","PASS","intron","","1","86893","0","1","0.00001151","0","7963","0","1","6542","0","0","47834","0","0","4524","0","0","9297","0","0","626","0","0","10107","0"
"X","41206873",".","C","G","","","c.1910-20C>G","PASS","intron","","1","86915","0","0","0.00001151","0","7963","0","0","6547","0","1","47854","0","0","4524","0","0","9296","0","0","626","0","0","10105","0"
"X","41206875",".","T","C","","","c.1910-18T>C","PASS","intron","","2","86940","0","0","0.00002300","0","7964","0","1","6548","0","1","47868","0","0","4526","0","0","9299","0","0","627","0","0","10108","0"
"X","41206885",".","C","T","c.1910-8C>T","","c.1910-8C>T","PASS","splice region","","1","87039","0","0","0.00001149","0","7972","0","0","6591","0","1","47915","0","0","4526","0","0","9300","0","0","628","0","0","10107","0"
"X","41206887",".","C","T","c.1910-6C>T","","c.1910-6C>T","PASS","splice region","","1","87058","0","1","0.00001149","0","7975","0","1","6593","0","0","47923","0","0","4527","0","0","9303","0","0","628","0","0","10109","0"
"X","41206921","rs147736247","T","C","p.Asp646Asp","p.Asp646Asp","c.1938T>C","PASS","synonymous","","121","87261","2","34","0.001387","117","8093","2","0","6631","0","0","47964","0","0","4528","0","4","9311","0","0","630","0","0","10104","0"
"X","41206927",".","T","C","p.Tyr648Tyr","p.Tyr648Tyr","c.1944T>C","PASS","synonymous","","1","87286","0","0","0.00001146","0","8126","0","0","6633","0","0","47959","0","0","4527","0","1","9312","0","0","632","0","0","10097","0"
"X","41206939",".","T","C","p.Tyr652Tyr","p.Tyr652Tyr","c.1956T>C","PASS","synonymous","","1","87244","0","0","0.00001146","0","8147","0","1","6633","0","0","47930","0","0","4527","0","0","9309","0","0","631","0","0","10067","0"
"X","41206951",".","G","T","p.Gly656Gly","p.Gly656Gly","c.1968G>T","PASS","synonymous","","1","87054","0","0","0.00001149","0","8136","0","0","6631","0","0","47877","0","0","4521","0","1","9302","0","0","626","0","0","9961","0"
"X","41206973",".","G","A","","","c.*1G>A","PASS","3' UTR","","1","86340","0","0","0.00001158","0","8093","0","0","6613","0","0","47602","0","0","4507","0","1","9262","0","0","617","0","0","9646","0"
"X","41206974",".","C","T","","","c.*2C>T","PASS","3' UTR","","1","86302","0","0","0.00001159","0","8097","0","0","6613","0","1","47597","0","0","4507","0","0","9260","0","0","617","0","0","9611","0"
"X","41206978",".","C","T","","","c.*6C>T","PASS","3' UTR","","1","86112","0","0","0.00001161","0","8092","0","0","6603","0","0","47507","0","0","4504","0","1","9248","0","0","612","0","0","9546","0"
"X","41206993",".","C","T","","","c.*21C>T","PASS","3' UTR","","2","85301","0","1","0.00002345","0","8031","0","2","6561","0","0","47159","0","0","4482","0","0","9185","0","0","609","0","0","9274","0"
"X","41206995",".","C","T","","","c.*23C>T","PASS","3' UTR","","1","85183","0","1","0.00001174","0","8025","0","0","6558","0","0","47099","0","0","4476","0","0","9180","0","0","608","0","1","9237","0"
"X","41207000",".","A","T","","","c.*28A>T","PASS","3' UTR","","1","84950","0","0","0.00001177","0","8017","0","0","6545","0","0","47006","0","0","4475","0","1","9158","0","0","606","0","0","9143","0"
"X","41207013",".","T","C","","","c.*41T>C","PASS","3' UTR","","3","84243","0","2","0.00003561","0","7994","0","0","6486","0","0","46713","0","0","4462","0","0","9120","0","0","604","0","3","8864","0"