ID,Description,GeneRatio,n,N,BgRatio,b,B,pvalue,p.adjust,qvalue,geneID,Count,EnrichmentScore,group,status,sample
GO:0006521,regulation of cellular amino acid metabolic process,20/822,20,822,54/11678,54,11678,2.3115765315067957e-10,1.774300100540859e-7,1.6514736994268852e-7,OAZ1/PSMA7/PSMB10/PSMB2/PSMB3/PSMB4/PSMB5/PSMB6/PSMB8/PSMB9/PSMC4/PSMC5/PSMD13/PSMD2/PSMD4/PSMD7/PSMD8/PSME1/PSME2/PSMF1,20,5.261782463728935,GO BP,BL_sporatic_MUT_down,U2932
GO:0033238,regulation of cellular amine metabolic process,21/822,21,822,66/11678,66,11678,2.087925041578664e-9,9.566790941002576e-7,8.904527268056314e-7,OAZ1/PAOX/PSMA7/PSMB10/PSMB2/PSMB3/PSMB4/PSMB5/PSMB6/PSMB8/PSMB9/PSMC4/PSMC5/PSMD13/PSMD2/PSMD4/PSMD7/PSMD8/PSME1/PSME2/PSMF1,21,4.520349480203494,GO BP,BL_sporatic_MUT_down,U2932
GO:0070498,interleukin-1-mediated signaling pathway,28/822,28,822,92/11678,92,11678,1.438931884332019e-11,7.731381014515938e-8,7.196174086801498e-8,CUL1/IKBKG/MAP3K3/MAPK3/MYD88/PSMA7/PSMB10/PSMB2/PSMB3/PSMB4/PSMB5/PSMB6/PSMB8/PSMB9/PSMC4/PSMC5/PSMD13/PSMD2/PSMD4/PSMD7/PSMD8/PSME1/PSME2/PSMF1/RELA/TAB1/TOLLIP/UBB,28,4.323812546281603,GO BP,BL_sporatic_MUT_down,U2932
GO:1902036,regulation of hematopoietic stem cell differentiation,20/822,20,822,66/11678,66,11678,1.3011854449142884e-8,3.4956346977622356e-6,3.253648446730413e-6,PSMA7/PSMB10/PSMB2/PSMB3/PSMB4/PSMB5/PSMB6/PSMB8/PSMB9/PSMC4/PSMC5/PSMD13/PSMD2/PSMD4/PSMD7/PSMD8/PSME1/PSME2/PSMF1/TP73,20,4.305094743050947,GO BP,BL_sporatic_MUT_down,U2932
GO:0061418,regulation of transcription from RNA polymerase II promoter in response to hypoxia,21/822,21,822,71/11678,71,11678,9.152579911788797e-9,2.800417490156084e-6,2.60655783708632e-6,EGLN2/PSMA7/PSMB10/PSMB2/PSMB3/PSMB4/PSMB5/PSMB6/PSMB8/PSMB9/PSMC4/PSMC5/PSMD13/PSMD2/PSMD4/PSMD7/PSMD8/PSME1/PSME2/PSMF1/UBB,21,4.20201500976663,GO BP,BL_sporatic_MUT_down,U2932
GO:0002479,"antigen processing and presentation of exogenous peptide antigen via MHC class I, TAP-dependent",20/822,20,822,68/11678,68,11678,2.2962424082766438e-8,5.608050208941094e-6,5.219831426661405e-6,IKBKG/PSMA7/PSMB10/PSMB2/PSMB3/PSMB4/PSMB5/PSMB6/PSMB8/PSMB9/PSMC4/PSMC5/PSMD13/PSMD2/PSMD4/PSMD7/PSMD8/PSME1/PSME2/PSMF1,20,4.178474309431802,GO BP,BL_sporatic_MUT_down,U2932
GO:0060071,"Wnt signaling pathway, planar cell polarity pathway",27/822,27,822,93/11678,93,11678,1.1190278317601998e-10,1.207656962335954e-7,1.1240565846891607e-7,AP2A1/AP2M1/ARRB2/DVL2/FZD2/PARD6A/PFN1/PSMA7/PSMB10/PSMB2/PSMB3/PSMB4/PSMB5/PSMB6/PSMB8/PSMB9/PSMC4/PSMC5/PSMD13/PSMD2/PSMD4/PSMD7/PSMD8/PSME1/PSME2/PSMF1/TIAM1,27,4.124558511890746,GO BP,BL_sporatic_MUT_down,U2932
GO:0090175,regulation of establishment of planar polarity,27/822,27,822,95/11678,95,11678,1.9146447809765688e-10,1.7145644013645175e-7,1.595873220073628e-7,AP2A1/AP2M1/ARRB2/DVL2/FZD2/PARD6A/PFN1/PSMA7/PSMB10/PSMB2/PSMB3/PSMB4/PSMB5/PSMB6/PSMB8/PSMB9/PSMC4/PSMC5/PSMD13/PSMD2/PSMD4/PSMD7/PSMD8/PSME1/PSME2/PSMF1/TIAM1,27,4.0377257011141,GO BP,BL_sporatic_MUT_down,U2932
GO:0031145,anaphase-promoting complex-dependent catabolic process,22/822,22,822,78/11678,78,11678,1.0803782035203611e-8,3.055195835534158e-6,2.8436990830610725e-6,ANAPC11/AURKB/PSMA7/PSMB10/PSMB2/PSMB3/PSMB4/PSMB5/PSMB6/PSMB8/PSMB9/PSMC4/PSMC5/PSMD13/PSMD2/PSMD4/PSMD7/PSMD8/PSME1/PSME2/PSMF1/UBB,22,4.00704972237819,GO BP,BL_sporatic_MUT_down,U2932
GO:0043620,regulation of DNA-templated transcription in response to stress,29/822,29,822,103/11678,103,11678,5.225707826881401e-11,1.207656962335954e-7,1.1240565846891607e-7,DNAJB1/EGLN2/HSF1/HSPA1A/MAPK7/NCK2/PSMA7/PSMB10/PSMB2/PSMB3/PSMB4/PSMB5/PSMB6/PSMB8/PSMB9/PSMC4/PSMC5/PSMD13/PSMD2/PSMD4/PSMD7/PSMD8/PSME1/PSME2/PSMF1/RELA/RGS14/RPS6KA1/UBB,29,3.999976377766754,GO BP,BL_sporatic_MUT_down,U2932
GO:0042590,antigen processing and presentation of exogenous peptide antigen via MHC class I,20/822,20,822,72/11678,72,11678,6.663973752920422e-8,1.1935176991480476e-5,1.1108961157938571e-5,IKBKG/PSMA7/PSMB10/PSMB2/PSMB3/PSMB4/PSMB5/PSMB6/PSMB8/PSMB9/PSMC4/PSMC5/PSMD13/PSMD2/PSMD4/PSMD7/PSMD8/PSME1/PSME2/PSMF1,20,3.9463368477967022,GO BP,BL_sporatic_MUT_down,U2932
GO:0002223,stimulatory C-type lectin receptor signaling pathway,25/822,25,822,90/11678,90,11678,1.5328235458942741e-9,8.235860912089934e-7,7.665731227940734e-7,CUL1/HRAS/IKBKG/PRKACA/PSMA7/PSMB10/PSMB2/PSMB3/PSMB4/PSMB5/PSMB6/PSMB8/PSMB9/PSMC4/PSMC5/PSMD13/PSMD2/PSMD4/PSMD7/PSMD8/PSME1/PSME2/PSMF1/RELA/TAB1,25,3.946336847796702,GO BP,BL_sporatic_MUT_down,U2932
GO:0031146,SCF-dependent proteasomal ubiquitin-dependent protein catabolic process,23/822,23,822,84/11678,84,11678,9.381633132851203e-9,2.800417490156084e-6,2.60655783708632e-6,CCNF/CUL1/FBXL15/FBXW5/PSMA7/PSMB10/PSMB2/PSMB3/PSMB4/PSMB5/PSMB6/PSMB8/PSMB9/PSMC4/PSMC5/PSMD13/PSMD2/PSMD4/PSMD7/PSMD8/PSME1/PSME2/PSMF1,23,3.889960607113892,GO BP,BL_sporatic_MUT_down,U2932
GO:0001736,establishment of planar polarity,29/822,29,822,106/11678,106,11678,1.1238199910068436e-10,1.207656962335954e-7,1.1240565846891607e-7,AP2A1/AP2M1/ARRB2/DVL2/FUZ/FZD2/PARD6A/PFN1/PSMA7/PSMB10/PSMB2/PSMB3/PSMB4/PSMB5/PSMB6/PSMB8/PSMB9/PSMC4/PSMC5/PSMD13/PSMD2/PSMD4/PSMD7/PSMD8/PSME1/PSME2/PSMF1/TIAM1/WDR1,29,3.8867694991507133,GO BP,BL_sporatic_MUT_down,U2932
GO:0007164,establishment of tissue polarity,29/822,29,822,106/11678,106,11678,1.1238199910068436e-10,1.207656962335954e-7,1.1240565846891607e-7,AP2A1/AP2M1/ARRB2/DVL2/FUZ/FZD2/PARD6A/PFN1/PSMA7/PSMB10/PSMB2/PSMB3/PSMB4/PSMB5/PSMB6/PSMB8/PSMB9/PSMC4/PSMC5/PSMD13/PSMD2/PSMD4/PSMD7/PSMD8/PSME1/PSME2/PSMF1/TIAM1/WDR1,29,3.8867694991507133,GO BP,BL_sporatic_MUT_down,U2932
GO:0060218,hematopoietic stem cell differentiation,21/822,21,822,78/11678,78,11678,5.701567009818236e-8,1.0563627428880478e-5,9.832357482267312e-6,ERCC2/PSMA7/PSMB10/PSMB2/PSMB3/PSMB4/PSMB5/PSMB6/PSMB8/PSMB9/PSMC4/PSMC5/PSMD13/PSMD2/PSMD4/PSMD7/PSMD8/PSME1/PSME2/PSMF1/TP73,21,3.8249110986337262,GO BP,BL_sporatic_MUT_down,U2932
GO:0002220,innate immune response activating cell surface receptor signaling pathway,25/822,25,822,93/11678,93,11678,3.2382019096568324e-9,1.3383737585066278e-6,1.2457244755287137e-6,CUL1/HRAS/IKBKG/PRKACA/PSMA7/PSMB10/PSMB2/PSMB3/PSMB4/PSMB5/PSMB6/PSMB8/PSMB9/PSMC4/PSMC5/PSMD13/PSMD2/PSMD4/PSMD7/PSMD8/PSME1/PSME2/PSMF1/RELA/TAB1,25,3.8190356591580983,GO BP,BL_sporatic_MUT_down,U2932
GO:0002758,innate immune response-activating signal transduction,25/822,25,822,94/11678,94,11678,4.122201777587757e-9,1.5820421536413583e-6,1.4725248605503335e-6,CUL1/HRAS/IKBKG/PRKACA/PSMA7/PSMB10/PSMB2/PSMB3/PSMB4/PSMB5/PSMB6/PSMB8/PSMB9/PSMC4/PSMC5/PSMD13/PSMD2/PSMD4/PSMD7/PSMD8/PSME1/PSME2/PSMF1/RELA/TAB1,25,3.7784076202308845,GO BP,BL_sporatic_MUT_down,U2932
GO:0043618,regulation of transcription from RNA polymerase II promoter in response to stress,26/822,26,822,98/11678,98,11678,2.136636726075394e-9,9.566790941002576e-7,8.904527268056314e-7,DNAJB1/EGLN2/HSF1/HSPA1A/MAPK7/NCK2/PSMA7/PSMB10/PSMB2/PSMB3/PSMB4/PSMB5/PSMB6/PSMB8/PSMB9/PSMC4/PSMC5/PSMD13/PSMD2/PSMD4/PSMD7/PSMD8/PSME1/PSME2/PSMF1/UBB,26,3.7691543770792992,GO BP,BL_sporatic_MUT_down,U2932
GO:1901532,regulation of hematopoietic progenitor cell differentiation,20/822,20,822,77/11678,77,11678,2.2454373715864488e-7,2.8057523250079044e-5,2.6115233665623546e-5,PSMA7/PSMB10/PSMB2/PSMB3/PSMB4/PSMB5/PSMB6/PSMB8/PSMB9/PSMC4/PSMC5/PSMD13/PSMD2/PSMD4/PSMD7/PSMD8/PSME1/PSME2/PSMF1/TP73,20,3.690081208329384,GO BP,BL_sporatic_MUT_down,U2932
GO:0050434,positive regulation of viral transcription,10/822,10,822,39/11678,39,11678,2.7504524360952277e-4,0.010946800695659006,0.010189005476716122,CDK9/NELFB/NELFE/POLR2E/POLR2F/POLR2G/POLR2J/POLR2L/SMARCB1/SUPT5H,10,3.6427724748892634,GO BP,BL_sporatic_MUT_down,U2932
GO:0010972,negative regulation of G2/M transition of mitotic cell cycle,21/822,21,822,83/11678,83,11678,1.8258171281964636e-7,2.3357417689999047e-5,2.174049417559248e-5,AURKB/CUL1/PSMA7/PSMB10/PSMB2/PSMB3/PSMB4/PSMB5/PSMB6/PSMB8/PSMB9/PSMC4/PSMC5/PSMD13/PSMD2/PSMD4/PSMD7/PSMD8/PSME1/PSME2/PSMF1,21,3.5944947673907306,GO BP,BL_sporatic_MUT_down,U2932
GO:0001738,morphogenesis of a polarized epithelium,31/822,31,822,124/11678,124,11678,3.100861777029756e-10,2.0826162909976097e-7,1.938446618772154e-7,ACTB/AP2A1/AP2M1/ARRB2/DVL2/FUZ/FZD2/PARD6A/PFN1/PSMA7/PSMB10/PSMB2/PSMB3/PSMB4/PSMB5/PSMB6/PSMB8/PSMB9/PSMC4/PSMC5/PSMD13/PSMD2/PSMD4/PSMD7/PSMD8/PSME1/PSME2/PSMF1/SH3BP1/TIAM1/WDR1,31,3.5517031630170317,GO BP,BL_sporatic_MUT_down,U2932
GO:0044106,cellular amine metabolic process,25/822,25,822,104/11678,104,11678,3.7914475320057024e-8,8.488103162277766e-6,7.900511940596093e-6,GCDH/KYAT1/OAZ1/PAOX/PSMA7/PSMB10/PSMB2/PSMB3/PSMB4/PSMB5/PSMB6/PSMB8/PSMB9/PSMC4/PSMC5/PSMD13/PSMD2/PSMD4/PSMD7/PSMD8/PSME1/PSME2/PSMF1/SAT2/SRM,25,3.4150991952086844,GO BP,BL_sporatic_MUT_down,U2932
GO:0002218,activation of innate immune response,28/822,28,822,117/11678,117,11678,6.453993804810199e-9,2.3118205808830134e-6,2.151784180116018e-6,CUL1/HRAS/IKBKG/PQBP1/PRKACA/PSMA7/PSMB10/PSMB2/PSMB3/PSMB4/PSMB5/PSMB6/PSMB8/PSMB9/PSMC4/PSMC5/PSMD13/PSMD2/PSMD4/PSMD7/PSMD8/PSME1/PSME2/PSMF1/PYCARD/RELA/TAB1/ZCCHC3,28,3.3999209765633123,GO BP,BL_sporatic_MUT_down,U2932
GO:0038095,Fc-epsilon receptor signaling pathway,25/822,25,822,105/11678,105,11678,4.65024402287802e-8,9.578329508184198e-6,8.915267074825028e-6,CUL1/IKBKG/MAPK3/PIK3R2/PSMA7/PSMB10/PSMB2/PSMB3/PSMB4/PSMB5/PSMB6/PSMB8/PSMB9/PSMC4/PSMC5/PSMD13/PSMD2/PSMD4/PSMD7/PSMD8/PSME1/PSME2/PSMF1/RELA/TAB1,25,3.3825744409686016,GO BP,BL_sporatic_MUT_down,U2932
GO:1902750,negative regulation of cell cycle G2/M phase transition,22/822,22,822,93/11678,93,11678,3.3492448234983794e-7,3.8630403861520284e-5,3.5956203776403045e-5,AURKB/BABAM1/CUL1/PSMA7/PSMB10/PSMB2/PSMB3/PSMB4/PSMB5/PSMB6/PSMB8/PSMB9/PSMC4/PSMC5/PSMD13/PSMD2/PSMD4/PSMD7/PSMD8/PSME1/PSME2/PSMF1,22,3.3607513800591264,GO BP,BL_sporatic_MUT_down,U2932
GO:0002474,antigen processing and presentation of peptide antigen via MHC class I,21/822,21,822,90/11678,90,11678,7.888198882117383e-7,8.062214640796872e-5,7.504105666426859e-5,IKBKG/PSMA7/PSMB10/PSMB2/PSMB3/PSMB4/PSMB5/PSMB6/PSMB8/PSMB9/PSMC4/PSMC5/PSMD13/PSMD2/PSMD4/PSMD7/PSMD8/PSME1/PSME2/PSMF1/SEC24C,21,3.3149229521492294,GO BP,BL_sporatic_MUT_down,U2932
GO:0033209,tumor necrosis factor-mediated signaling pathway,33/822,33,822,142/11678,142,11678,6.527039677697465e-10,3.8966426875853863e-7,3.6268965507299015e-7,COMMD7/CPNE1/GPS2/HSPA1A/HSPA1B/IKBKG/ILK/PIAS4/PSMA7/PSMB10/PSMB2/PSMB3/PSMB4/PSMB5/PSMB6/PSMB8/PSMB9/PSMC4/PSMC5/PSMD13/PSMD2/PSMD4/PSMD7/PSMD8/PSME1/PSME2/PSMF1/PYCARD/RELA/RNF31/SHARPIN/TMSB4X/TRADD,33,3.3015832219594943,GO BP,BL_sporatic_MUT_down,U2932
GO:2000736,regulation of stem cell differentiation,21/822,21,822,93/11678,93,11678,1.4023318153007331e-6,1.2813449523473036e-4,1.1926435037961816e-4,NELFB/PSMA7/PSMB10/PSMB2/PSMB3/PSMB4/PSMB5/PSMB6/PSMB8/PSMB9/PSMC4/PSMC5/PSMD13/PSMD2/PSMD4/PSMD7/PSMD8/PSME1/PSME2/PSMF1/TP73,21,3.2079899536928025,GO BP,BL_sporatic_MUT_down,U2932
GO:0009308,amine metabolic process,25/822,25,822,111/11678,111,11678,1.4915506797996637e-7,2.1089741585693665e-5,1.9629798558803886e-5,GCDH/KYAT1/OAZ1/PAOX/PSMA7/PSMB10/PSMB2/PSMB3/PSMB4/PSMB5/PSMB6/PSMB8/PSMB9/PSMC4/PSMC5/PSMD13/PSMD2/PSMD4/PSMD7/PSMD8/PSME1/PSME2/PSMF1/SAT2/SRM,25,3.1997325792946234,GO BP,BL_sporatic_MUT_down,U2932
GO:0035567,non-canonical Wnt signaling pathway,28/822,28,822,126/11678,126,11678,3.664905977255462e-8,8.488103162277766e-6,7.900511940596093e-6,AP2A1/AP2M1/ARRB2/DVL2/FZD2/GNB1/PARD6A/PFN1/PSMA7/PSMB10/PSMB2/PSMB3/PSMB4/PSMB5/PSMB6/PSMB8/PSMB9/PSMC4/PSMC5/PSMD13/PSMD2/PSMD4/PSMD7/PSMD8/PSME1/PSME2/PSMF1/TIAM1,28,3.157069478237361,GO BP,BL_sporatic_MUT_down,U2932
GO:0046782,regulation of viral transcription,13/822,13,822,59/11678,59,11678,1.8463768574450464e-4,0.007936466284041788,0.007387062273449614,CDK9/HDAC1/NELFB/NELFE/POLR2E/POLR2F/POLR2G/POLR2J/POLR2L/SMARCB1/SUPT5H/TRIM21/TRIM8,13,3.1303146521506044,GO BP,BL_sporatic_MUT_down,U2932
GO:1903901,negative regulation of viral life cycle,13/822,13,822,59/11678,59,11678,1.8463768574450464e-4,0.007936466284041788,0.007387062273449614,BANF1/BST2/EIF2AK4/ISG15/MX1/PARP10/PML/SETDB1/TNIP1/TRIM21/TRIM26/TRIM35/TRIM8,13,3.1303146521506044,GO BP,BL_sporatic_MUT_down,U2932
GO:0071347,cellular response to interleukin-1,30/822,30,822,142/11678,142,11678,4.076371062521688e-8,8.760936687571612e-6,8.154458491806545e-6,CACTIN/CUL1/IKBKG/MAP3K3/MAPK3/MYD88/PSMA7/PSMB10/PSMB2/PSMB3/PSMB4/PSMB5/PSMB6/PSMB8/PSMB9/PSMC4/PSMC5/PSMD13/PSMD2/PSMD4/PSMD7/PSMD8/PSME1/PSME2/PSMF1/PYCARD/RELA/TAB1/TOLLIP/UBB,30,3.001439292690449,GO BP,BL_sporatic_MUT_down,U2932
GO:0090263,positive regulation of canonical Wnt signaling pathway,24/822,24,822,116/11678,116,11678,1.3681610408586805e-6,1.2813449523473036e-4,1.1926435037961816e-4,CCAR2/CSNK1G2/DAPK3/ILK/PIN1/PSMA7/PSMB10/PSMB2/PSMB3/PSMB4/PSMB5/PSMB6/PSMB8/PSMB9/PSMC4/PSMC5/PSMD13/PSMD2/PSMD4/PSMD7/PSMD8/PSME1/PSME2/PSMF1,24,2.9393405487037505,GO BP,BL_sporatic_MUT_down,U2932
GO:0043488,regulation of mRNA stability,33/822,33,822,160/11678,160,11678,1.6074169706564854e-8,4.112691134922522e-6,3.8279889862601315e-6,ANP32A/APEX1/EXOSC4/FASTK/FXR2/HNRNPM/HSPA1A/MAPKAPK2/MYD88/PRKCA/PSMA7/PSMB10/PSMB2/PSMB3/PSMB4/PSMB5/PSMB6/PSMB8/PSMB9/PSMC4/PSMC5/PSMD13/PSMD2/PSMD4/PSMD7/PSMD8/PSME1/PSME2/PSMF1/RBM10/THRAP3/UBB/YBX1,33,2.930155109489051,GO BP,BL_sporatic_MUT_down,U2932
GO:0061640,cytoskeleton-dependent cytokinesis,17/822,17,822,83/11678,83,11678,5.347032306599718e-5,0.0029926671441000297,0.002785498957089393,ALKBH4/ARF1/ARL3/AURKB/CFL1/CHMP1A/CHMP2A/CHMP4A/CHMP4B/DCTN3/ESPL1/INCENP/NUP62/RAB35/SEPTIN1/SEPTIN6/SEPTIN9,17,2.909829097411544,GO BP,BL_sporatic_MUT_down,U2932
GO:1905330,regulation of morphogenesis of an epithelium,28/822,28,822,137/11678,137,11678,2.39658602409853e-7,2.9265583426094096e-5,2.7239665551416548e-5,AP2A1/AP2M1/ARRB2/DVL2/FKBPL/FZD2/PARD6A/PFN1/PSMA7/PSMB10/PSMB2/PSMB3/PSMB4/PSMB5/PSMB6/PSMB8/PSMB9/PSMC4/PSMC5/PSMD13/PSMD2/PSMD4/PSMD7/PSMD8/PSME1/PSME2/PSMF1/TIAM1,28,2.9035821478679384,GO BP,BL_sporatic_MUT_down,U2932
GO:0036498,IRE1-mediated unfolded protein response,13/822,13,822,64/11678,64,11678,4.32152101746876e-4,0.016237435263538214,0.015113394445339774,ACADVL/ADD1/ATP6V0D1/BAK1/CXXC1/DCTN1/ERN1/GSK3A/KLHDC3/PREB/PTPN1/TLN1/XBP1,13,2.885758819951339,GO BP,BL_sporatic_MUT_down,U2932
GO:0010803,regulation of tumor necrosis factor-mediated signaling pathway,10/822,10,822,50/11678,50,11678,0.0021979322042708685,0.06025249864054784,0.0560815032357191,CPNE1/GPS2/HSPA1A/HSPA1B/IKBKG/PIAS4/PYCARD/RNF31/SHARPIN/TRADD,10,2.841362530413625,GO BP,BL_sporatic_MUT_down,U2932
GO:0090090,negative regulation of canonical Wnt signaling pathway,26/822,26,822,131/11678,131,11678,1.1606949195972479e-6,1.1338934187265477e-4,1.0553993422022059e-4,DVL2/EMD/FUZ/GSK3A/HDAC1/PSMA7/PSMB10/PSMB2/PSMB3/PSMB4/PSMB5/PSMB6/PSMB8/PSMB9/PSMC4/PSMC5/PSMD13/PSMD2/PSMD4/PSMD7/PSMD8/PSME1/PSME2/PSMF1/RUVBL2/STK11,26,2.8196727401051245,GO BP,BL_sporatic_MUT_down,U2932
GO:0043487,regulation of RNA stability,33/822,33,822,167/11678,167,11678,4.813230908635276e-8,9.578329508184198e-6,8.915267074825028e-6,ANP32A/APEX1/EXOSC4/FASTK/FXR2/HNRNPM/HSPA1A/MAPKAPK2/MYD88/PRKCA/PSMA7/PSMB10/PSMB2/PSMB3/PSMB4/PSMB5/PSMB6/PSMB8/PSMB9/PSMC4/PSMC5/PSMD13/PSMD2/PSMD4/PSMD7/PSMD8/PSME1/PSME2/PSMF1/RBM10/THRAP3/UBB/YBX1,33,2.807334236636217,GO BP,BL_sporatic_MUT_down,U2932
GO:0019884,antigen processing and presentation of exogenous antigen,32/822,32,822,163/11678,163,11678,9.011579942701604e-8,1.5131005947542412e-5,1.4083557995978725e-5,ACTR1A/ACTR1B/AP2A1/AP2M1/AP3D1/ARF1/CAPZB/DCTN1/DCTN2/DCTN3/IKBKG/KLC2/PSMA7/PSMB10/PSMB2/PSMB3/PSMB4/PSMB5/PSMB6/PSMB8/PSMB9/PSMC4/PSMC5/PSMD13/PSMD2/PSMD4/PSMD7/PSMD8/PSME1/PSME2/PSMF1/SEC24C,32,2.789067514516442,GO BP,BL_sporatic_MUT_down,U2932
GO:0002478,antigen processing and presentation of exogenous peptide antigen,31/822,31,822,158/11678,158,11678,1.4510227169517114e-7,2.1089741585693665e-5,1.9629798558803886e-5,ACTR1A/ACTR1B/AP2A1/AP2M1/ARF1/CAPZB/DCTN1/DCTN2/DCTN3/IKBKG/KLC2/PSMA7/PSMB10/PSMB2/PSMB3/PSMB4/PSMB5/PSMB6/PSMB8/PSMB9/PSMC4/PSMC5/PSMD13/PSMD2/PSMD4/PSMD7/PSMD8/PSME1/PSME2/PSMF1/SEC24C,31,2.7874126089500755,GO BP,BL_sporatic_MUT_down,U2932
GO:0070555,response to interleukin-1,31/822,31,822,159/11678,159,11678,1.6840155337241942e-7,2.206881820170755e-5,2.0541098333051725e-5,CACTIN/CUL1/IKBKG/MAP3K3/MAPK3/MYD88/PRKCA/PSMA7/PSMB10/PSMB2/PSMB3/PSMB4/PSMB5/PSMB6/PSMB8/PSMB9/PSMC4/PSMC5/PSMD13/PSMD2/PSMD4/PSMD7/PSMD8/PSME1/PSME2/PSMF1/PYCARD/RELA/TAB1/TOLLIP/UBB,31,2.76988171203844,GO BP,BL_sporatic_MUT_down,U2932
GO:0038093,Fc receptor signaling pathway,32/822,32,822,166/11678,166,11678,1.4031997541671413e-7,2.1089741585693665e-5,1.9629798558803886e-5,ACTB/ARPC1A/ARPC1B/CUL1/CYFIP2/ELMO2/IKBKG/MAPK3/MYO1G/PIK3R2/PSMA7/PSMB10/PSMB2/PSMB3/PSMB4/PSMB5/PSMB6/PSMB8/PSMB9/PSMC4/PSMC5/PSMD13/PSMD2/PSMD4/PSMD7/PSMD8/PSME1/PSME2/PSMF1/RELA/TAB1/WASF2,32,2.738662679916747,GO BP,BL_sporatic_MUT_down,U2932
GO:0006120,"mitochondrial electron transport, NADH to ubiquinone",10/822,10,822,52/11678,52,11678,0.0029801339053056003,0.07474217929796824,0.06956813185707231,COQ9/NDUFA11/NDUFA13/NDUFA2/NDUFA8/NDUFB10/NDUFB7/NDUFS5/NDUFS8/NDUFV1,10,2.7320793561669476,GO BP,BL_sporatic_MUT_down,U2932
GO:0048525,negative regulation of viral process,14/822,14,822,73/11678,73,11678,4.895798135069473e-4,0.018267446791477973,0.017002877879908677,BANF1/BST2/EIF2AK4/HDAC1/ISG15/MX1/PARP10/PML/SETDB1/TNIP1/TRIM21/TRIM26/TRIM35/TRIM8,14,2.724594207245942,GO BP,BL_sporatic_MUT_down,U2932
GO:0061013,regulation of mRNA catabolic process,34/822,34,822,178/11678,178,11678,7.232163170808331e-8,1.2534971844113923e-5,1.1667235050767533e-5,ANP32A/APEX1/EXOSC4/FASTK/FXR2/HNRNPM/HSPA1A/MAPKAPK2/MYD88/POLR2G/PRKCA/PSMA7/PSMB10/PSMB2/PSMB3/PSMB4/PSMB5/PSMB6/PSMB8/PSMB9/PSMC4/PSMC5/PSMD13/PSMD2/PSMD4/PSMD7/PSMD8/PSME1/PSME2/PSMF1/RBM10/THRAP3/UBB/YBX1,34,2.713660843653462,GO BP,BL_sporatic_MUT_down,U2932
GO:0042775,mitochondrial ATP synthesis coupled electron transport,17/822,17,822,89/11678,89,11678,1.3346216205218454e-4,0.006335656983568947,0.005897069426848879,COQ9/COX5B/COX6A1/COX6B1/COX8A/NDUFA11/NDUFA13/NDUFA2/NDUFA8/NDUFB10/NDUFB7/NDUFS5/NDUFS8/NDUFV1/UQCR10/UQCR11/UQCRQ,17,2.713660843653462,GO BP,BL_sporatic_MUT_down,U2932
GO:0000281,mitotic cytokinesis,12/822,12,822,63/11678,63,11678,0.0012929687230398977,0.03947227811871233,0.036739799061976997,ARF1/ARL3/CFL1/CHMP1A/CHMP2A/CHMP4A/CHMP4B/ESPL1/INCENP/NUP62/RAB35/SEPTIN6,12,2.706059552774881,GO BP,BL_sporatic_MUT_down,U2932
GO:0038061,NIK/NF-kappaB signaling,28/822,28,822,148/11678,148,11678,1.2509347307785386e-6,1.2002271979416229e-4,1.1171411477309845e-4,CPNE1/CUL1/ILK/LIME1/PPP4C/PSMA7/PSMB10/PSMB2/PSMB3/PSMB4/PSMB5/PSMB6/PSMB8/PSMB9/PSMC4/PSMC5/PSMD13/PSMD2/PSMD4/PSMD7/PSMD8/PSME1/PSME2/PSMF1/RELA/RIPK3/TMSB4X/TRADD,28,2.6877753666074837,GO BP,BL_sporatic_MUT_down,U2932
GO:0032088,negative regulation of NF-kappaB transcription factor activity,14/822,14,822,74/11678,74,11678,5.655019874414504e-4,0.02066967468382934,0.019238810901069322,ARRB2/CACTIN/CDKN2A/COMMD6/COMMD7/DAP/NFKBIB/NFKBIL1/PARP10/PIAS4/PRMT2/PYCARD/TMSB4X/TRIM21,14,2.6877753666074837,GO BP,BL_sporatic_MUT_down,U2932
GO:0042773,ATP synthesis coupled electron transport,17/822,17,822,90/11678,90,11678,1.539703843472636e-4,0.007077020391411346,0.006587111753620991,COQ9/COX5B/COX6A1/COX6B1/COX8A/NDUFA11/NDUFA13/NDUFA2/NDUFA8/NDUFB10/NDUFB7/NDUFS5/NDUFS8/NDUFV1/UQCR10/UQCR11/UQCRQ,17,2.683509056501757,GO BP,BL_sporatic_MUT_down,U2932
GO:0045089,positive regulation of innate immune response,31/822,31,822,165/11678,165,11678,3.989559956552677e-7,4.465813676366153e-5,4.156666524908283e-5,CUL1/FADD/HRAS/IKBKG/IRF3/PQBP1/PRKACA/PSMA7/PSMB10/PSMB2/PSMB3/PSMB4/PSMB5/PSMB6/PSMB8/PSMB9/PSMC4/PSMC5/PSMD13/PSMD2/PSMD4/PSMD7/PSMD8/PSME1/PSME2/PSMF1/PYCARD/RELA/STAT5B/TAB1/ZCCHC3,31,2.6691587406915875,GO BP,BL_sporatic_MUT_down,U2932
GO:0048002,antigen processing and presentation of peptide antigen,32/822,32,822,172/11678,172,11678,3.275278677879418e-7,3.8630403861520284e-5,3.5956203776403045e-5,ACTR1A/ACTR1B/AP2A1/AP2M1/ARF1/CAPZB/DCTN1/DCTN2/DCTN3/IKBKG/KLC2/PSMA7/PSMB10/PSMB2/PSMB3/PSMB4/PSMB5/PSMB6/PSMB8/PSMB9/PSMC4/PSMC5/PSMD13/PSMD2/PSMD4/PSMD7/PSMD8/PSME1/PSME2/PSMF1/PYCARD/SEC24C,32,2.6431279352684887,GO BP,BL_sporatic_MUT_down,U2932
GO:0010389,regulation of G2/M transition of mitotic cell cycle,34/822,34,822,183/11678,183,11678,1.4567052169419315e-7,2.1089741585693665e-5,1.9629798558803886e-5,ACTR1A/AURKB/CDC25B/CUL1/DCTN1/DCTN2/DCTN3/HAUS4/HAUS7/NDE1/ODF2/PRKACA/PSMA7/PSMB10/PSMB2/PSMB3/PSMB4/PSMB5/PSMB6/PSMB8/PSMB9/PSMC4/PSMC5/PSMD13/PSMD2/PSMD4/PSMD7/PSMD8/PSME1/PSME2/PSMF1/SSNA1/TUBB/TUBG1,34,2.639517104755827,GO BP,BL_sporatic_MUT_down,U2932
GO:0042180,cellular ketone metabolic process,34/822,34,822,184/11678,184,11678,1.669373136554343e-7,2.206881820170755e-5,2.0541098333051725e-5,ACADVL/AKR1A1/AKR1B1/COQ9/DHRS4/FDXR/GOT2/KYAT1/MID1IP1/NMT1/OAZ1/PSMA7/PSMB10/PSMB2/PSMB3/PSMB4/PSMB5/PSMB6/PSMB8/PSMB9/PSMC4/PSMC5/PSMD13/PSMD2/PSMD4/PSMD7/PSMD8/PSME1/PSME2/PSMF1/SCAP/STAT5B/TRIB3/WDTC1,34,2.625171903099545,GO BP,BL_sporatic_MUT_down,U2932
GO:1903312,negative regulation of mRNA metabolic process,12/822,12,822,65/11678,65,11678,0.001714767948786686,0.049534667681886364,0.04610561700444565,CDK9/MAPKAPK2/MYD88/NELFE/RBM10/RNF20/RNF40/SRSF9/SUPT5H/THRAP3/U2AF2/YBX1,12,2.6227961819202696,GO BP,BL_sporatic_MUT_down,U2932
GO:0043624,cellular protein complex disassembly,36/822,36,822,198/11678,198,11678,1.107974769632504e-7,1.7509260109516013e-5,1.629717687468739e-5,ADD1/APEH/ARHGEF2/AURKAIP1/CAPZB/CFL1/CIB1/ERAL1/FLII/GLE1/KATNB1/KIF18B/MID1IP1/MRPL11/MRPL14/MRPL18/MRPL2/MRPL24/MRPL28/MRPL34/MRPL38/MRPL55/MRPS12/MRPS18A/MRPS26/MRPS34/NAPA/NSF/PDXP/PEX14/PPP1R9B/SH3BP1/SH3GL1/TRMT112/TWF2/WDR1,36,2.5830568458305687,GO BP,BL_sporatic_MUT_down,U2932
GO:1901879,regulation of protein depolymerization,12/822,12,822,66/11678,66,11678,0.0019646384290687474,0.05585186391209725,0.05198550362854703,ADD1/ARHGEF2/CAPZB/CFL1/CIB1/FLII/KATNB1/MID1IP1/PDXP/SH3BP1/TWF2/WDR1,12,2.5830568458305683,GO BP,BL_sporatic_MUT_down,U2932
GO:0022904,respiratory electron transport chain,19/822,19,822,105/11678,105,11678,1.174295501277424e-4,0.005788522686572109,0.00538781064854567,COQ9/COX5B/COX6A1/COX6B1/COX8A/NDUFA11/NDUFA13/NDUFA2/NDUFA8/NDUFB10/NDUFB7/NDUFS5/NDUFS8/NDUFV1/SCO2/SLC25A22/UQCR10/UQCR11/UQCRQ,19,2.570756575136137,GO BP,BL_sporatic_MUT_down,U2932
GO:0010565,regulation of cellular ketone metabolic process,25/822,25,822,139/11678,139,11678,1.1663734998239297e-5,7.833656018192467e-4,7.291369075873014e-4,ACADVL/MID1IP1/OAZ1/PSMA7/PSMB10/PSMB2/PSMB3/PSMB4/PSMB5/PSMB6/PSMB8/PSMB9/PSMC4/PSMC5/PSMD13/PSMD2/PSMD4/PSMD7/PSMD8/PSME1/PSME2/PSMF1/SCAP/TRIB3/WDTC1,25,2.555182131666929,GO BP,BL_sporatic_MUT_down,U2932
GO:0050852,T cell receptor signaling pathway,33/822,33,822,185/11678,185,11678,5.896746483709574e-7,6.465963032035008e-5,6.018355004104014e-5,CCR7/CSK/CUL1/DGKZ/DUSP22/HRAS/IKBKG/LIME1/PIK3R2/PSMA7/PSMB10/PSMB2/PSMB3/PSMB4/PSMB5/PSMB6/PSMB8/PSMB9/PSMC4/PSMC5/PSMD13/PSMD2/PSMD4/PSMD7/PSMD8/PSME1/PSME2/PSMF1/RELA/RNF31/SKAP1/STK11/STOML2,33,2.5341882028013414,GO BP,BL_sporatic_MUT_down,U2932
GO:0006283,transcription-coupled nucleotide-excision repair,13/822,13,822,73/11678,73,11678,0.0015786735446687544,0.0466055656895891,0.043379282884449116,COPS6/COPS7A/ERCC2/GPS1/POLD2/POLR2E/POLR2F/POLR2G/POLR2J/POLR2L/RPA2/UBB/XRCC1,13,2.5299803352998036,GO BP,BL_sporatic_MUT_down,U2932
GO:0060337,type I interferon signaling pathway,13/822,13,822,73/11678,73,11678,0.0015786735446687544,0.0466055656895891,0.043379282884449116,BST2/CACTIN/FADD/IRF2/IRF3/IRF4/IRF5/ISG15/MX1/MYD88/PSMB8/PTPN1/STAT2,13,2.5299803352998036,GO BP,BL_sporatic_MUT_down,U2932
GO:0071357,cellular response to type I interferon,13/822,13,822,73/11678,73,11678,0.0015786735446687544,0.0466055656895891,0.043379282884449116,BST2/CACTIN/FADD/IRF2/IRF3/IRF4/IRF5/ISG15/MX1/MYD88/PSMB8/PTPN1/STAT2,13,2.5299803352998036,GO BP,BL_sporatic_MUT_down,U2932
GO:0030178,negative regulation of Wnt signaling pathway,27/822,27,822,152/11678,152,11678,6.703779036875974e-6,5.073155600723185e-4,4.721965041393292e-4,DVL2/EMD/FUZ/GSK3A/HDAC1/PSMA7/PSMB10/PSMB2/PSMB3/PSMB4/PSMB5/PSMB6/PSMB8/PSMB9/PSMC4/PSMC5/PSMD13/PSMD2/PSMD4/PSMD7/PSMD8/PSME1/PSME2/PSMF1/RUVBL2/STK11/TSC2,27,2.523578563196312,GO BP,BL_sporatic_MUT_down,U2932
GO:2000027,regulation of animal organ morphogenesis,30/822,30,822,169/11678,169,11678,2.11899413072991e-6,1.8363476555502913e-4,1.7092259957721226e-4,AP2A1/AP2M1/ARRB2/BCL2/DVL2/FZD2/MYC/PARD6A/PFN1/PSMA7/PSMB10/PSMB2/PSMB3/PSMB4/PSMB5/PSMB6/PSMB8/PSMB9/PSMC4/PSMC5/PSMD13/PSMD2/PSMD4/PSMD7/PSMD8/PSME1/PSME2/PSMF1/TIAM1/XBP1,30,2.5219194056925667,GO BP,BL_sporatic_MUT_down,U2932
GO:1902749,regulation of cell cycle G2/M phase transition,35/822,35,822,198/11678,198,11678,3.379171750402854e-7,3.8630403861520284e-5,3.5956203776403045e-5,ACTR1A/AURKB/BABAM1/CDC25B/CUL1/DCTN1/DCTN2/DCTN3/HAUS4/HAUS7/NDE1/ODF2/PRKACA/PSMA7/PSMB10/PSMB2/PSMB3/PSMB4/PSMB5/PSMB6/PSMB8/PSMB9/PSMC4/PSMC5/PSMD13/PSMD2/PSMD4/PSMD7/PSMD8/PSME1/PSME2/PSMF1/SSNA1/TUBB/TUBG1,35,2.511305266779719,GO BP,BL_sporatic_MUT_down,U2932
GO:0071456,cellular response to hypoxia,28/822,28,822,160/11678,160,11678,6.120262541518819e-6,4.722884983455365e-4,4.3959420017037314e-4,BCL2/EGLN2/EIF4EBP1/ENDOG/GNB1/MYC/PSMA7/PSMB10/PSMB2/PSMB3/PSMB4/PSMB5/PSMB6/PSMB8/PSMB9/PSMC4/PSMC5/PSMD13/PSMD2/PSMD4/PSMD7/PSMD8/PSME1/PSME2/PSMF1/STUB1/UBB/USP19,28,2.486192214111922,GO BP,BL_sporatic_MUT_down,U2932
GO:0002833,positive regulation of response to biotic stimulus,33/822,33,822,190/11678,190,11678,1.1019513054430197e-6,1.0964415489158046e-4,1.0205400881403094e-4,CUL1/FADD/HRAS/IKBKG/IRF3/MAPK3/PQBP1/PRKACA/PRKCA/PSMA7/PSMB10/PSMB2/PSMB3/PSMB4/PSMB5/PSMB6/PSMB8/PSMB9/PSMC4/PSMC5/PSMD13/PSMD2/PSMD4/PSMD7/PSMD8/PSME1/PSME2/PSMF1/PYCARD/RELA/STAT5B/TAB1/ZCCHC3,33,2.4674990395697276,GO BP,BL_sporatic_MUT_down,U2932
GO:0006415,translational termination,18/822,18,822,105/11678,105,11678,3.536349171550979e-4,0.013572002927673863,0.012632477378976466,APEH/AURKAIP1/ERAL1/GLE1/MRPL11/MRPL14/MRPL18/MRPL2/MRPL24/MRPL28/MRPL34/MRPL38/MRPL55/MRPS12/MRPS18A/MRPS26/MRPS34/TRMT112,18,2.435453597497393,GO BP,BL_sporatic_MUT_down,U2932
GO:0009060,aerobic respiration,13/822,13,822,76/11678,76,11678,0.002299853491994122,0.061632831484111535,0.05736628216736978,ACO2/BLOC1S1/COX5B/COX6A1/COX6B1/COX8A/IDH2/IDH3G/MDH2/NDUFS8/OGDH/SURF1/UQCR10,13,2.4301126904853376,GO BP,BL_sporatic_MUT_down,U2932
GO:0031058,positive regulation of histone modification,13/822,13,822,76/11678,76,11678,0.002299853491994122,0.061632831484111535,0.05736628216736978,CDK9/CTBP1/JARID2/MAPK3/NELFE/PIH1D1/RNF20/RNF40/RUVBL2/SART3/SMARCB1/WBP2/ZBTB7B,13,2.4301126904853376,GO BP,BL_sporatic_MUT_down,U2932
GO:0019882,antigen processing and presentation,35/822,35,822,205/11678,205,11678,7.952677758463321e-7,8.062214640796872e-5,7.504105666426859e-5,ACTR1A/ACTR1B/AP2A1/AP2M1/AP3D1/ARF1/CAPZB/CCR7/DCTN1/DCTN2/DCTN3/IKBKG/KLC2/PSMA7/PSMB10/PSMB2/PSMB3/PSMB4/PSMB5/PSMB6/PSMB8/PSMB9/PSMC4/PSMC5/PSMD13/PSMD2/PSMD4/PSMD7/PSMD8/PSME1/PSME2/PSMF1/PYCARD/RAB35/SEC24C,35,2.4255533796213875,GO BP,BL_sporatic_MUT_down,U2932
GO:0050792,regulation of viral process,30/822,30,822,176/11678,176,11678,4.9997672957633245e-6,3.950551423549462e-4,3.677073439964637e-4,BANF1/BCL2/BST2/CDK9/CFL1/CHMP2A/CHMP4B/EIF2AK4/HDAC1/ISG15/MX1/NELFB/NELFE/PARP10/PML/POLR2E/POLR2F/POLR2G/POLR2J/POLR2L/PPIA/RAD23A/SETDB1/SMARCB1/SUPT5H/TNIP1/TRIM21/TRIM26/TRIM35/TRIM8,30,2.4216157929661577,GO BP,BL_sporatic_MUT_down,U2932
GO:0070125,mitochondrial translational elongation,15/822,15,822,88/11678,88,11678,0.0011366667661712184,0.03550761938742998,0.03304959489644711,AURKAIP1/ERAL1/MRPL11/MRPL14/MRPL18/MRPL2/MRPL24/MRPL28/MRPL34/MRPL38/MRPL55/MRPS12/MRPS18A/MRPS26/MRPS34,15,2.4216157929661577,GO BP,BL_sporatic_MUT_down,U2932
GO:0070646,protein modification by small protein removal,43/822,43,822,253/11678,253,11678,5.037856395342409e-8,9.667286575776702e-6,8.99806606551571e-6,ACTB/ADRM1/ARRB2/BABAM1/COPS6/COPS7A/FOXK2/GPS1/IKBKG/KEAP1/MYC/PSMA7/PSMB10/PSMB2/PSMB3/PSMB4/PSMB5/PSMB6/PSMB8/PSMB9/PSMC4/PSMC5/PSMD13/PSMD2/PSMD4/PSMD7/PSMD8/PSME1/PSME2/PSMF1/RAD23A/SART3/TAB1/TFPT/TNIP1/TRIM21/UBB/UBXN1/USP11/USP19/USP20/USP28/USP35,43,2.4145966167546615,GO BP,BL_sporatic_MUT_down,U2932
GO:0016579,protein deubiquitination,40/822,40,822,236/11678,236,11678,1.5971775016106982e-7,2.2004191579882775e-5,2.0480945506484285e-5,ACTB/ADRM1/ARRB2/BABAM1/FOXK2/IKBKG/KEAP1/MYC/PSMA7/PSMB10/PSMB2/PSMB3/PSMB4/PSMB5/PSMB6/PSMB8/PSMB9/PSMC4/PSMC5/PSMD13/PSMD2/PSMD4/PSMD7/PSMD8/PSME1/PSME2/PSMF1/RAD23A/SART3/TAB1/TFPT/TNIP1/TRIM21/UBB/UBXN1/USP11/USP19/USP20/USP28/USP35,40,2.407934347808157,GO BP,BL_sporatic_MUT_down,U2932
GO:0034340,response to type I interferon,13/822,13,822,77/11678,77,11678,0.002593163737255686,0.06762639315644547,0.06294493792280556,BST2/CACTIN/FADD/IRF2/IRF3/IRF4/IRF5/ISG15/MX1/MYD88/PSMB8/PTPN1/STAT2,13,2.3985527854140996,GO BP,BL_sporatic_MUT_down,U2932
GO:0051261,protein depolymerization,15/822,15,822,89/11678,89,11678,0.0012802469559830044,0.039307239397123904,0.0365861851902271,ADD1/ARHGEF2/CAPZB/CFL1/CIB1/FLII/KATNB1/KIF18B/MID1IP1/PDXP/PPP1R9B/SH3BP1/SH3GL1/TWF2/WDR1,15,2.394406626753055,GO BP,BL_sporatic_MUT_down,U2932
GO:0070126,mitochondrial translational termination,15/822,15,822,89/11678,89,11678,0.0012802469559830044,0.039307239397123904,0.0365861851902271,AURKAIP1/ERAL1/MRPL11/MRPL14/MRPL18/MRPL2/MRPL24/MRPL28/MRPL34/MRPL38/MRPL55/MRPS12/MRPS18A/MRPS26/MRPS34,15,2.394406626753055,GO BP,BL_sporatic_MUT_down,U2932
GO:0043903,regulation of symbiotic process,31/822,31,822,184/11678,184,11678,4.480921294811536e-6,3.615639517724473e-4,3.365345900792259e-4,BANF1/BCL2/BST2/CDK9/CFL1/CHMP2A/CHMP4B/EIF2AK4/EXOC2/HDAC1/ISG15/MX1/NELFB/NELFE/PARP10/PML/POLR2E/POLR2F/POLR2G/POLR2J/POLR2L/PPIA/RAD23A/SETDB1/SMARCB1/SUPT5H/TNIP1/TRIM21/TRIM26/TRIM35/TRIM8,31,2.3935390881201735,GO BP,BL_sporatic_MUT_down,U2932
GO:0032984,protein-containing complex disassembly,49/822,49,822,291/11678,291,11678,7.951230230972129e-9,2.670122501938328e-6,2.4852825544308283e-6,ADD1/APEH/ARHGEF2/AURKAIP1/CAPZB/CFL1/CHMP1A/CHMP2A/CIB1/DVL2/ERAL1/FLII/FZD2/GABARAP/GLE1/HMGA1/KATNB1/KIF18B/MID1IP1/MRPL11/MRPL14/MRPL18/MRPL2/MRPL24/MRPL28/MRPL34/MRPL38/MRPL55/MRPS12/MRPS18A/MRPS26/MRPS34/MYC/NAPA/NSF/PDXP/PEX14/PPP1CA/PPP1R9B/PYM1/SH3BP1/SH3GL1/SMARCB1/SMARCC2/SNAPIN/TRMT112/TWF2/UBQLN4/WDR1,49,2.39221243969532,GO BP,BL_sporatic_MUT_down,U2932
GO:0030177,positive regulation of Wnt signaling pathway,24/822,24,822,143/11678,143,11678,5.610374225268087e-5,0.0031076846095222095,0.002892554307569038,CCAR2/CSNK1G2/DAPK3/ILK/PIN1/PSMA7/PSMB10/PSMB2/PSMB3/PSMB4/PSMB5/PSMB6/PSMB8/PSMB9/PSMC4/PSMC5/PSMD13/PSMD2/PSMD4/PSMD7/PSMD8/PSME1/PSME2/PSMF1,24,2.384360165382063,GO BP,BL_sporatic_MUT_down,U2932
GO:0008064,regulation of actin polymerization or depolymerization,25/822,25,822,149/11678,149,11678,3.973364652710389e-5,0.0023205313346753172,0.002159891929636963,ADD1/ARF1/ARPC1A/ARPC1B/BIN1/CAPZB/CCR7/CDC42EP2/CFL1/CYFIP2/FLII/GMFG/HAX1/HCLS1/MLST8/NCK2/PDXP/PFN1/PYCARD/SH3BP1/TMSB10/TMSB4X/TWF2/WASF2/WDR1,25,2.383693397998008,GO BP,BL_sporatic_MUT_down,U2932
GO:0030832,regulation of actin filament length,25/822,25,822,149/11678,149,11678,3.973364652710389e-5,0.0023205313346753172,0.002159891929636963,ADD1/ARF1/ARPC1A/ARPC1B/BIN1/CAPZB/CCR7/CDC42EP2/CFL1/CYFIP2/FLII/GMFG/HAX1/HCLS1/MLST8/NCK2/PDXP/PFN1/PYCARD/SH3BP1/TMSB10/TMSB4X/TWF2/WASF2/WDR1,25,2.383693397998008,GO BP,BL_sporatic_MUT_down,U2932
GO:0046364,monosaccharide biosynthetic process,13/822,13,822,78/11678,78,11678,0.0029163933273420005,0.07425740205920456,0.06911691345289425,AKR1A1/AKR1B1/CRTC2/G6PD/GOT1/GOT2/MAEA/MDH2/PCK2/PGD/PGP/SLC25A1/TALDO1,13,2.3678021086780214,GO BP,BL_sporatic_MUT_down,U2932
GO:0071356,cellular response to tumor necrosis factor,37/822,37,822,222/11678,222,11678,7.137377470515372e-7,7.669825829815817e-5,7.138880076298638e-5,ARHGEF2/CACTIN/CIB1/COMMD7/CPNE1/GPS2/HSPA1A/HSPA1B/IKBKG/ILK/MAPK3/PIAS4/PSMA7/PSMB10/PSMB2/PSMB3/PSMB4/PSMB5/PSMB6/PSMB8/PSMB9/PSMC4/PSMC5/PSMD13/PSMD2/PSMD4/PSMD7/PSMD8/PSME1/PSME2/PSMF1/PYCARD/RELA/RNF31/SHARPIN/TMSB4X/TRADD,37,2.367802108678021,GO BP,BL_sporatic_MUT_down,U2932
GO:0006119,oxidative phosphorylation,19/822,19,822,115/11678,115,11678,3.9846492250084314e-4,0.015077126961950918,0.014033408797639035,COQ9/COX5B/COX6A1/COX6B1/COX8A/NDUFA11/NDUFA13/NDUFA2/NDUFA8/NDUFB10/NDUFB7/NDUFS5/NDUFS8/NDUFV1/STOML2/SURF1/UQCR10/UQCR11/UQCRQ,19,2.3472125251242995,GO BP,BL_sporatic_MUT_down,U2932
GO:0006900,vesicle budding from membrane,16/822,16,822,97/11678,97,11678,0.0011355377197199638,0.03550761938742998,0.03304959489644711,AP2M1/AP3D1/ARF1/CHMP4A/CHMP4B/MX1/NAPA/NSF/PEF1/PREB/RAB1B/SCAP/SEC24C/TRAPPC1/TRAPPC2L/TRAPPC6A,16,2.343391777660722,GO BP,BL_sporatic_MUT_down,U2932
GO:0036294,cellular response to decreased oxygen levels,28/822,28,822,170/11678,170,11678,1.9861000362283098e-5,0.0013013799383725256,0.0012112915625315404,BCL2/EGLN2/EIF4EBP1/ENDOG/GNB1/MYC/PSMA7/PSMB10/PSMB2/PSMB3/PSMB4/PSMB5/PSMB6/PSMB8/PSMB9/PSMC4/PSMC5/PSMD13/PSMD2/PSMD4/PSMD7/PSMD8/PSME1/PSME2/PSMF1/STUB1/UBB/USP19,28,2.339945613281809,GO BP,BL_sporatic_MUT_down,U2932
GO:0035967,cellular response to topologically incorrect protein,24/822,24,822,146/11678,146,11678,7.889301322331855e-5,0.004281738990392834,0.0039853344585219184,ACADVL/ADD1/ATP6V0D1/BAK1/CREB3L2/CXXC1/DAXX/DCTN1/ERN1/GSK3A/HSF1/HSPA1A/HSPA1B/HSPA6/KLHDC3/NCK2/PREB/PTPN1/RNF185/RNF5/SDF2L1/STUB1/TLN1/XBP1,24,2.3353664633536644,GO BP,BL_sporatic_MUT_down,U2932
GO:0034620,cellular response to unfolded protein,21/822,21,822,128/11678,128,11678,2.226671754276858e-4,0.00899541904942072,0.008372708749164506,ACADVL/ADD1/ATP6V0D1/BAK1/CREB3L2/CXXC1/DAXX/DCTN1/ERN1/GSK3A/HSF1/HSPA1A/HSPA1B/HSPA6/KLHDC3/NCK2/PREB/PTPN1/STUB1/TLN1/XBP1,21,2.330805200729927,GO BP,BL_sporatic_MUT_down,U2932
GO:0034612,response to tumor necrosis factor,39/822,39,822,241/11678,241,11678,7.780927479667086e-7,8.062214640796872e-5,7.504105666426859e-5,ARHGEF2/CACTIN/CIB1/COMMD7/CPNE1/ENDOG/GPS2/GSS/HSPA1A/HSPA1B/IKBKG/ILK/MAPK3/PIAS4/PSMA7/PSMB10/PSMB2/PSMB3/PSMB4/PSMB5/PSMB6/PSMB8/PSMB9/PSMC4/PSMC5/PSMD13/PSMD2/PSMD4/PSMD7/PSMD8/PSME1/PSME2/PSMF1/PYCARD/RELA/RNF31/SHARPIN/TMSB4X/TRADD,39,2.2990277735711904,GO BP,BL_sporatic_MUT_down,U2932
GO:1905269,positive regulation of chromatin organization,14/822,14,822,87/11678,87,11678,0.0028685381882286834,0.07374476404474983,0.068639762942707,CDK9/CTBP1/JARID2/MAPK3/NELFE/PIH1D1/RNF20/RNF40/RUVBL2/SART3/SETDB1/SMARCB1/WBP2/ZBTB7B,14,2.286153760102917,GO BP,BL_sporatic_MUT_down,U2932
GO:0000910,cytokinesis,22/822,22,822,137/11678,137,11678,2.1869751765783138e-4,0.00892063071397922,0.008303097656335339,ALKBH4/ARF1/ARL3/AURKB/CALM3/CDC25B/CFL1/CHMP1A/CHMP2A/CHMP4A/CHMP4B/DCTN3/ESPL1/GIT1/INCENP/NUP62/PDXP/PIN1/RAB35/SEPTIN1/SEPTIN6/SEPTIN9,22,2.2813859733248085,GO BP,BL_sporatic_MUT_down,U2932
GO:1903311,regulation of mRNA metabolic process,47/822,47,822,295/11678,295,11678,9.32275486010206e-8,1.5179139958584354e-5,1.4128359917175401e-5,ANP32A/APEX1/CDK9/CPSF7/EXOSC4/FASTK/FXR2/HNRNPM/HSF1/HSPA1A/JMJD6/MAPKAPK2/MYD88/NELFE/POLR2G/PRKCA/PSMA7/PSMB10/PSMB2/PSMB3/PSMB4/PSMB5/PSMB6/PSMB8/PSMB9/PSMC4/PSMC5/PSMD13/PSMD2/PSMD4/PSMD7/PSMD8/PSME1/PSME2/PSMF1/RBM10/RNF20/RNF40/SART3/SF3B4/SNRPA/SRSF9/SUPT5H/THRAP3/U2AF2/UBB/YBX1,47,2.2634582869396676,GO BP,BL_sporatic_MUT_down,U2932
GO:0022900,electron transport chain,25/822,25,822,157/11678,157,11678,9.611481754901953e-5,0.0049656241797200185,0.004621877511896678,AKR1A1/AKR1B1/COQ9/COX5B/COX6A1/COX6B1/COX8A/FDX2/NDUFA11/NDUFA13/NDUFA2/NDUFA8/NDUFB10/NDUFB7/NDUFS5/NDUFS8/NDUFV1/SCO2/SH3BGRL3/SLC25A22/SURF1/GFUS/UQCR10/UQCR11/UQCRQ,25,2.262231314023587,GO BP,BL_sporatic_MUT_down,U2932
GO:0048524,positive regulation of viral process,16/822,16,822,101/11678,101,11678,0.0017599011782334045,0.0502976012268515,0.046815736269803496,CDK9/CFL1/CHMP2A/CHMP4B/NELFB/NELFE/POLR2E/POLR2F/POLR2G/POLR2J/POLR2L/PPIA/RAD23A/SMARCB1/SUPT5H/TRIM21,16,2.250584182505842,GO BP,BL_sporatic_MUT_down,U2932
GO:0071453,cellular response to oxygen levels,29/822,29,822,184/11678,184,11678,3.325001217764708e-5,0.0020301399480738384,0.0018896029647847046,ATP6V0D1/BCL2/EGLN2/EIF4EBP1/ENDOG/GNB1/MYC/PSMA7/PSMB10/PSMB2/PSMB3/PSMB4/PSMB5/PSMB6/PSMB8/PSMB9/PSMC4/PSMC5/PSMD13/PSMD2/PSMD4/PSMD7/PSMD8/PSME1/PSME2/PSMF1/STUB1/UBB/USP19,29,2.239117211467259,GO BP,BL_sporatic_MUT_down,U2932
GO:0045333,cellular respiration,26/822,26,822,165/11678,165,11678,8.397445166457552e-5,0.004467274542512518,0.0041580262622032136,ACO2/BLOC1S1/COQ9/COX5B/COX6A1/COX6B1/COX8A/IDH2/IDH3G/MDH2/NDUFA11/NDUFA13/NDUFA2/NDUFA8/NDUFB10/NDUFB7/NDUFS5/NDUFS8/NDUFV1/OGDH/SCO2/SLC25A22/SURF1/UQCR10/UQCR11/UQCRQ,26,2.238649266386493,GO BP,BL_sporatic_MUT_down,U2932
GO:0002244,hematopoietic progenitor cell differentiation,23/822,23,822,146/11678,146,11678,2.1250194668129125e-4,0.008782868919373675,0.008174872458970162,ARMC6/BCL2/ERCC2/PSMA7/PSMB10/PSMB2/PSMB3/PSMB4/PSMB5/PSMB6/PSMB8/PSMB9/PSMC4/PSMC5/PSMD13/PSMD2/PSMD4/PSMD7/PSMD8/PSME1/PSME2/PSMF1/TP73,23,2.2380595273805954,GO BP,BL_sporatic_MUT_down,U2932
GO:0008154,actin polymerization or depolymerization,27/822,27,822,173/11678,173,11678,7.314153854485602e-5,0.004010096802056239,0.0037324967736478082,ADD1/ARF1/ARPC1A/ARPC1B/BIN1/CAPZB/CCR7/CDC42EP2/CFL1/CYFIP2/FLII/GMFG/HAX1/HCLS1/MLST8/MSRB1/NCK2/PDXP/PFN1/PPP1R9B/PYCARD/SH3BP1/TMSB10/TMSB4X/TWF2/WASF2/WDR1,27,2.2172482173747943,GO BP,BL_sporatic_MUT_down,U2932
GO:0051495,positive regulation of cytoskeleton organization,29/822,29,822,186/11678,186,11678,4.080071017969902e-5,0.0023572281268335786,0.0021940483764997178,ARF1/ARPC1A/ARPC1B/BIN1/CCR7/CDC42EP2/CDK5/CFL1/DCTN1/FHOD1/GMFG/HAX1/HCLS1/HRAS/HSPA1A/HSPA1B/KATNB1/MLST8/NCK2/NUMA1/NUP62/PDXP/PFDN2/PFN1/POC1A/PYCARD/RANBP1/WASF2/WDR1,29,2.215040682311697,GO BP,BL_sporatic_MUT_down,U2932
GO:0006414,translational elongation,20/822,20,822,129/11678,129,11678,6.625018594988301e-4,0.023114431760306586,0.02151432901215955,AARS1/AURKAIP1/DPH2/EEFSEC/ERAL1/MRPL11/MRPL14/MRPL18/MRPL2/MRPL24/MRPL28/MRPL34/MRPL38/MRPL55/MRPS12/MRPS18A/MRPS26/MRPS34/RPLP1/RPLP2,20,2.202606612723741,GO BP,BL_sporatic_MUT_down,U2932
GO:0000086,G2/M transition of mitotic cell cycle,36/822,36,822,233/11678,233,11678,6.153023429031744e-6,4.722884983455365e-4,4.3959420017037314e-4,ACTR1A/AURKB/CALM3/CDC25B/CUL1/DCTN1/DCTN2/DCTN3/FBXL15/HAUS4/HAUS7/NDE1/ODF2/PRKACA/PSMA7/PSMB10/PSMB2/PSMB3/PSMB4/PSMB5/PSMB6/PSMB8/PSMB9/PSMC4/PSMC5/PSMD13/PSMD2/PSMD4/PSMD7/PSMD8/PSME1/PSME2/PSMF1/SSNA1/TUBB/TUBG1,36,2.195044014911814,GO BP,BL_sporatic_MUT_down,U2932
GO:0030833,regulation of actin filament polymerization,21/822,21,822,136/11678,136,11678,5.189965078352682e-4,0.01909978244245819,0.0177775948718483,ADD1/ARF1/ARPC1A/ARPC1B/BIN1/CAPZB/CCR7/CDC42EP2/CYFIP2/FLII/GMFG/HAX1/HCLS1/MLST8/NCK2/PFN1/PYCARD/TMSB10/TMSB4X/TWF2/WASF2,21,2.193699012451696,GO BP,BL_sporatic_MUT_down,U2932
GO:0051258,protein polymerization,36/822,36,822,235/11678,235,11678,7.495457186489733e-6,5.593484925417964e-4,5.206274428803029e-4,ADD1/ARF1/ARPC1A/ARPC1B/BIN1/CAPZB/CCR7/CDC42EP2/CHMP2A/CHMP4A/CHMP4B/CYFIP2/DCTN1/FKBP4/FLII/GMFG/GPX4/HAX1/HCLS1/HSPA1A/HSPA1B/MID1IP1/MLST8/MSRB1/MX1/NCK2/NDE1/NUMA1/PFN1/PYCARD/RANGRF/TMSB10/TMSB4X/TUBG1/TWF2/WASF2,36,2.1763627892529898,GO BP,BL_sporatic_MUT_down,U2932
GO:0006520,cellular amino acid metabolic process,42/822,42,822,275/11678,275,11678,1.4308709685620363e-6,1.2813449523473036e-4,1.1926435037961816e-4,AARS1/ADO/BCAT2/CAD/FARSA/FPGS/GCDH/GOT1/GOT2/GSS/IVD/KYAT1/MARS1/OAZ1/OGDH/PARS2/PEMT/PEPD/PSMA7/PSMB10/PSMB2/PSMB3/PSMB4/PSMB5/PSMB6/PSMB8/PSMB9/PSMC4/PSMC5/PSMD13/PSMD2/PSMD4/PSMD7/PSMD8/PSME1/PSME2/PSMF1/PYCR1/PYCR2/SARS1/VARS1/YARS1,42,2.1697677504976776,GO BP,BL_sporatic_MUT_down,U2932
GO:0050851,antigen receptor-mediated signaling pathway,35/822,35,822,230/11678,230,11678,1.1613858543324704e-5,7.833656018192467e-4,7.291369075873014e-4,BCL2/CCR7/CSK/CUL1/DGKZ/DUSP22/GPS2/HRAS/IKBKG/LIME1/PIK3R2/PSMA7/PSMB10/PSMB2/PSMB3/PSMB4/PSMB5/PSMB6/PSMB8/PSMB9/PSMC4/PSMC5/PSMD13/PSMD2/PSMD4/PSMD7/PSMD8/PSME1/PSME2/PSMF1/RELA/RNF31/SKAP1/STK11/STOML2,35,2.1619062731408016,GO BP,BL_sporatic_MUT_down,U2932
GO:0033108,mitochondrial respiratory chain complex assembly,15/822,15,822,99/11678,99,11678,0.003753991459161602,0.0884657724126109,0.08234170555160099,COA3/NDUFA11/NDUFA13/NDUFA2/NDUFA8/NDUFB10/NDUFB7/NDUFS5/NDUFS8/NDUFV1/SCO2/SDHAF1/SURF1/TACO1/UQCR10,15,2.1525473715254737,GO BP,BL_sporatic_MUT_down,U2932
GO:0006289,nucleotide-excision repair,16/822,16,822,106/11678,106,11678,0.0029221416438610917,0.07425740205920456,0.06911691345289425,COPS6/COPS7A/ERCC2/GPS1/MMS19/NTHL1/POLD2/POLR2E/POLR2F/POLR2G/POLR2J/POLR2L/RAD23A/RPA2/UBB/XRCC1,16,2.1444245512555664,GO BP,BL_sporatic_MUT_down,U2932
GO:0060828,regulation of canonical Wnt signaling pathway,32/822,32,822,213/11678,213,11678,3.539921174444849e-5,0.002113332941143575,0.001967036900559939,CCAR2/CSNK1G2/DAPK3/DVL2/EMD/FUZ/GSK3A/HDAC1/ILK/PIN1/PPP1CA/PSMA7/PSMB10/PSMB2/PSMB3/PSMB4/PSMB5/PSMB6/PSMB8/PSMB9/PSMC4/PSMC5/PSMD13/PSMD2/PSMD4/PSMD7/PSMD8/PSME1/PSME2/PSMF1/RUVBL2/STK11,32,2.134356830357653,GO BP,BL_sporatic_MUT_down,U2932
GO:0032271,regulation of protein polymerization,27/822,27,822,181/11678,181,11678,1.5962593418971044e-4,0.007253278104203545,0.006751167978894677,ADD1/ARF1/ARPC1A/ARPC1B/BIN1/CAPZB/CCR7/CDC42EP2/CYFIP2/DCTN1/FKBP4/FLII/GMFG/HAX1/HCLS1/HSPA1A/HSPA1B/MLST8/NCK2/NUMA1/PFN1/PYCARD/RANGRF/TMSB10/TMSB4X/TWF2/WASF2,27,2.1192482961648587,GO BP,BL_sporatic_MUT_down,U2932
GO:0001678,cellular glucose homeostasis,16/822,16,822,108/11678,108,11678,0.0035376607532530435,0.08523700101896234,0.07933644672506589,ENDOG/ERN1/FIS1/FOXK2/HK1/HK3/MEN1/PCK2/PIH1D1/PIK3R2/PRKACA/RAB11B/SMARCB1/STX4/TIAM1/XBP1,16,2.1047129854915743,GO BP,BL_sporatic_MUT_down,U2932
GO:0044839,cell cycle G2/M phase transition,37/822,37,822,250/11678,250,11678,1.2533084401768721e-5,8.313612653173252e-4,7.738100583860064e-4,ACTR1A/AURKB/BABAM1/CALM3/CDC25B/CUL1/DCTN1/DCTN2/DCTN3/FBXL15/HAUS4/HAUS7/NDE1/ODF2/PRKACA/PSMA7/PSMB10/PSMB2/PSMB3/PSMB4/PSMB5/PSMB6/PSMB8/PSMB9/PSMC4/PSMC5/PSMD13/PSMD2/PSMD4/PSMD7/PSMD8/PSME1/PSME2/PSMF1/SSNA1/TUBB/TUBG1,37,2.1026082725060826,GO BP,BL_sporatic_MUT_down,U2932
GO:1903900,regulation of viral life cycle,18/822,18,822,122/11678,122,11678,0.002142572930025671,0.059340434809422325,0.05523257726832319,BANF1/BCL2/BST2/CHMP2A/CHMP4B/EIF2AK4/ISG15/MX1/PARP10/PML/PPIA/RAD23A/SETDB1/TNIP1/TRIM21/TRIM26/TRIM35/TRIM8,18,2.0960871126002156,GO BP,BL_sporatic_MUT_down,U2932
GO:0032273,positive regulation of protein polymerization,16/822,16,822,109/11678,109,11678,0.0038832616775451583,0.09032365798030362,0.08407097849176143,ARF1/ARPC1A/ARPC1B/BIN1/CCR7/CDC42EP2/DCTN1/GMFG/HSPA1A/HSPA1B/MLST8/NCK2/NUMA1/PFN1/PYCARD/WASF2,16,2.0854036920466976,GO BP,BL_sporatic_MUT_down,U2932
GO:0030041,actin filament polymerization,22/822,22,822,150/11678,150,11678,7.921573573960856e-4,0.026938363805627648,0.025073548334369106,ADD1/ARF1/ARPC1A/ARPC1B/BIN1/CAPZB/CCR7/CDC42EP2/CYFIP2/FLII/GMFG/HAX1/HCLS1/MLST8/MSRB1/NCK2/PFN1/PYCARD/TMSB10/TMSB4X/TWF2/WASF2,22,2.0836658556366583,GO BP,BL_sporatic_MUT_down,U2932
GO:0015980,energy derivation by oxidation of organic compounds,33/822,33,822,226/11678,226,11678,4.812636183624351e-5,0.0027508823632567698,0.002560451792653896,ACADVL/ACO2/BLOC1S1/COQ9/COX5B/COX6A1/COX6B1/COX8A/GNAS/GSK3A/GYS1/IDH2/IDH3G/MDH2/MYC/NDUFA11/NDUFA13/NDUFA2/NDUFA8/NDUFB10/NDUFB7/NDUFS5/NDUFS8/NDUFV1/OGDH/PPP1CA/PPP1R2/SCO2/SLC25A22/SURF1/UQCR10/UQCR11/UQCRQ,33,2.0744460952134873,GO BP,BL_sporatic_MUT_down,U2932
GO:0072329,monocarboxylic acid catabolic process,16/822,16,822,110/11678,110,11678,0.00425609185609368,0.09636985577480603,0.08969862661966824,ACADVL/ACAT2/ACOT8/AKR1A1/AMACR/DCXR/ECH1/ECI1/FAAH/GCDH/IVD/LPIN2/LYPLA2/PCK2/PGD/SLC27A2,16,2.066445476664455,GO BP,BL_sporatic_MUT_down,U2932
GO:0045088,regulation of innate immune response,35/822,35,822,242/11678,242,11678,3.5143808446636085e-5,0.002113332941143575,0.001967036900559939,ARRB2/CACTIN/CUL1/FADD/HRAS/IKBKG/IRF3/PQBP1/PRKACA/PSMA7/PSMB10/PSMB2/PSMB3/PSMB4/PSMB5/PSMB6/PSMB8/PSMB9/PSMC4/PSMC5/PSMD13/PSMD2/PSMD4/PSMD7/PSMD8/PSME1/PSME2/PSMF1/PTPN1/PYCARD/RELA/STAT5B/TAB1/TRAFD1/ZCCHC3,35,2.0547043091834065,GO BP,BL_sporatic_MUT_down,U2932
GO:0016241,regulation of macroautophagy,24/822,24,822,166/11678,166,11678,5.777359040138431e-4,0.020974155488286343,0.019522213940041028,ADPRH/ATG101/ATP6V0D1/ATP6V1E1/CAPN1/CAPNS1/CDK5/CHMP4A/CHMP4B/ERN1/IKBKG/LAMTOR1/LAMTOR2/LAMTOR4/MAPK3/MLST8/NPRL2/PIM2/PRKACA/RAB1B/RNF5/SUPT5H/TSC2/UBQLN4,24,2.0539970099375604,GO BP,BL_sporatic_MUT_down,U2932
GO:0043433,negative regulation of DNA-binding transcription factor activity,19/822,19,822,132/11678,132,11678,0.00218964793940517,0.06025249864054784,0.0560815032357191,ARRB2/CACTIN/CDKN2A/COMMD6/COMMD7/DAP/EIF2AK4/KEAP1/MEN1/NFKBIB/NFKBIL1/PARP10/PEX14/PIAS4/PRMT2/PYCARD/SUFU/TMSB4X/TRIM21,19,2.0449200029492,GO BP,BL_sporatic_MUT_down,U2932
GO:0002429,immune response-activating cell surface receptor signaling pathway,46/822,46,822,322/11678,322,11678,3.024246730260599e-6,2.538949637764094e-4,2.363190167017781e-4,ACTB/ARPC1A/ARPC1B/BCL2/CCR7/CSK/CUL1/CYFIP2/DGKZ/DUSP22/ELMO2/GPS2/HRAS/IKBKG/LIME1/MAPK3/MICB/MYO1G/PIK3R2/PRKACA/PSMA7/PSMB10/PSMB2/PSMB3/PSMB4/PSMB5/PSMB6/PSMB8/PSMB9/PSMC4/PSMC5/PSMD13/PSMD2/PSMD4/PSMD7/PSMD8/PSME1/PSME2/PSMF1/RELA/RNF31/SKAP1/STK11/STOML2/TAB1/WASF2,46,2.0295446645811612,GO BP,BL_sporatic_MUT_down,U2932
GO:0002757,immune response-activating signal transduction,46/822,46,822,322/11678,322,11678,3.024246730260599e-6,2.538949637764094e-4,2.363190167017781e-4,ACTB/ARPC1A/ARPC1B/BCL2/CCR7/CSK/CUL1/CYFIP2/DGKZ/DUSP22/ELMO2/GPS2/HRAS/IKBKG/LIME1/MAPK3/MICB/MYO1G/PIK3R2/PRKACA/PSMA7/PSMB10/PSMB2/PSMB3/PSMB4/PSMB5/PSMB6/PSMB8/PSMB9/PSMC4/PSMC5/PSMD13/PSMD2/PSMD4/PSMD7/PSMD8/PSME1/PSME2/PSMF1/RELA/RNF31/SKAP1/STK11/STOML2/TAB1/WASF2,46,2.0295446645811612,GO BP,BL_sporatic_MUT_down,U2932
GO:0031349,positive regulation of defense response,38/822,38,822,269/11678,269,11678,2.8106692208155966e-5,0.001756014619004907,0.0016344540352625336,CCR2/CCR7/CUL1/FADD/GPSM3/HRAS/IKBKG/IRF3/MAPK3/MYD88/PQBP1/PRKACA/PSMA7/PSMB10/PSMB2/PSMB3/PSMB4/PSMB5/PSMB6/PSMB8/PSMB9/PSMC4/PSMC5/PSMD13/PSMD2/PSMD4/PSMD7/PSMD8/PSME1/PSME2/PSMF1/PYCARD/RELA/STAT5B/TAB1/TNIP1/TRADD/ZCCHC3,38,2.006910337466873,GO BP,BL_sporatic_MUT_down,U2932
GO:0048863,stem cell differentiation,26/822,26,822,186/11678,186,11678,5.8866396387236e-4,0.021227459583128792,0.019757982990869533,CFL1/ERCC2/JARID2/MAPK3/NELFB/PEF1/PSMA7/PSMB10/PSMB2/PSMB3/PSMB4/PSMB5/PSMB6/PSMB8/PSMB9/PSMC4/PSMC5/PSMD13/PSMD2/PSMD4/PSMD7/PSMD8/PSME1/PSME2/PSMF1/TP73,26,1.9858985427622113,GO BP,BL_sporatic_MUT_down,U2932
GO:0035966,response to topologically incorrect protein,25/822,25,822,180/11678,180,11678,8.187166919338227e-4,0.027322762644474717,0.025431337060330773,ACADVL/ADD1/ATP6V0D1/BAK1/CREB3L2/CXXC1/DAXX/DCTN1/DNAJB1/ERN1/GSK3A/HSF1/HSPA1A/HSPA1B/HSPA6/KLHDC3/NCK2/PREB/PTPN1/RNF185/RNF5/SDF2L1/STUB1/TLN1/XBP1,25,1.973168423898351,GO BP,BL_sporatic_MUT_down,U2932
GO:0060070,canonical Wnt signaling pathway,34/822,34,822,246/11678,246,11678,1.1358259907179922e-4,0.005724943869020037,0.005328633091718671,CCAR2/CSNK1G2/DAPK3/DVL2/EMD/FUZ/FZD2/GSK3A/HDAC1/ILK/PIN1/PPP1CA/PSMA7/PSMB10/PSMB2/PSMB3/PSMB4/PSMB5/PSMB6/PSMB8/PSMB9/PSMC4/PSMC5/PSMD13/PSMD2/PSMD4/PSMD7/PSMD8/PSME1/PSME2/PSMF1/PYGO2/RUVBL2/STK11,34,1.9635432120744565,GO BP,BL_sporatic_MUT_down,U2932
GO:2001242,regulation of intrinsic apoptotic signaling pathway,19/822,19,822,138/11678,138,11678,0.0036451925227382023,0.08628026178269763,0.08030748748216647,ARHGEF2/BCL2/BCL2L12/CCAR2/FIS1/HDAC1/HSPA1A/MAPK7/NCK2/NDUFA13/NOC2L/PIAS4/PLAGL2/PTPN1/PYCARD/RIPK3/STYXL1/UBB/XBP1,19,1.9560104376035825,GO BP,BL_sporatic_MUT_down,U2932
GO:1901988,negative regulation of cell cycle phase transition,30/822,30,822,218/11678,218,11678,3.0390371270023976e-4,0.011832424987959334,0.01101332218946483,AURKB/BABAM1/BCL2/CDKN2A/CNOT3/CUL1/MEN1/PML/PRMT1/PRMT2/PSMA7/PSMB10/PSMB2/PSMB3/PSMB4/PSMB5/PSMB6/PSMB8/PSMB9/PSMC4/PSMC5/PSMD13/PSMD2/PSMD4/PSMD7/PSMD8/PSME1/PSME2/PSMF1/RPA2,30,1.9550659612937789,GO BP,BL_sporatic_MUT_down,U2932
GO:0006402,mRNA catabolic process,46/822,46,822,335/11678,335,11678,8.840261340946129e-6,6.418746511473453e-4,5.97440705986274e-4,ANP32A/APEX1/CNOT3/DCPS/ERN1/EXOSC4/FASTK/FXR2/HNRNPM/HSPA1A/HSPA1B/LSM2/LSM4/MAPKAPK2/MYD88/NT5C3B/POLR2G/PRKCA/PSMA7/PSMB10/PSMB2/PSMB3/PSMB4/PSMB5/PSMB6/PSMB8/PSMB9/PSMC4/PSMC5/PSMD13/PSMD2/PSMD4/PSMD7/PSMD8/PSME1/PSME2/PSMF1/PYM1/RBM10/RPLP1/RPLP2/RPS14/RPS21/THRAP3/UBB/YBX1,46,1.9507862149108472,GO BP,BL_sporatic_MUT_down,U2932
GO:0043161,proteasome-mediated ubiquitin-dependent protein catabolic process,53/822,53,822,386/11678,386,11678,1.837853971339873e-6,1.6188179324605142e-4,1.5067548262011625e-4,ANAPC11/ARRB2/AURKB/CCAR2/CCNF/CUL1/DCAF11/DDA1/FBXL15/FBXL19/FBXW5/GSK3A/HECTD3/HSPA1A/HSPA1B/KCTD17/KEAP1/MAEA/PML/PSMA7/PSMB10/PSMB2/PSMB3/PSMB4/PSMB5/PSMB6/PSMB8/PSMB9/PSMC4/PSMC5/PSMD13/PSMD2/PSMD4/PSMD7/PSMD8/PSME1/PSME2/PSMF1/RAD23A/RNF185/RNF5/SEC61B/SGTA/SHARPIN/STUB1/TMUB1/TRIB3/UBB/UBQLN4/UBXN1/USP19/ZER1/ZFAND2B,53,1.950676348600028,GO BP,BL_sporatic_MUT_down,U2932
GO:0006986,response to unfolded protein,22/822,22,822,161/11678,161,11678,0.0020256584244078774,0.056686784970539195,0.052762627052422295,ACADVL/ADD1/ATP6V0D1/BAK1/CREB3L2/CXXC1/DAXX/DCTN1/DNAJB1/ERN1/GSK3A/HSF1/HSPA1A/HSPA1B/HSPA6/KLHDC3/NCK2/PREB/PTPN1/STUB1/TLN1/XBP1,22,1.941303592208067,GO BP,BL_sporatic_MUT_down,U2932
GO:0007051,spindle organization,22/822,22,822,161/11678,161,11678,0.0020256584244078774,0.056686784970539195,0.052762627052422295,AURKB/CHMP1A/CHMP2A/CHMP4B/DCTN1/DCTN2/ESPL1/HAUS4/HAUS7/HSPA1A/HSPA1B/INCENP/MYBL2/NTMT1/NUMA1/NUP62/POC1A/RGS14/SAC3D1/TUBB/TUBG1/WRAP73,22,1.941303592208067,GO BP,BL_sporatic_MUT_down,U2932
GO:1901991,negative regulation of mitotic cell cycle phase transition,28/822,28,822,207/11678,207,11678,6.298745939644214e-4,0.022270389051712903,0.020728715386814776,AURKB/BCL2/CDKN2A/CNOT3/CUL1/PML/PRMT1/PRMT2/PSMA7/PSMB10/PSMB2/PSMB3/PSMB4/PSMB5/PSMB6/PSMB8/PSMB9/PSMC4/PSMC5/PSMD13/PSMD2/PSMD4/PSMD7/PSMD8/PSME1/PSME2/PSMF1/RPA2,28,1.9216944650140462,GO BP,BL_sporatic_MUT_down,U2932
GO:0010506,regulation of autophagy,42/822,42,822,311/11678,311,11678,3.2301837737527414e-5,0.0019949169444107447,0.0018568182830126165,ADPRH/ATG101/ATP6V0D1/ATP6V1E1/BCL2/CAPN1/CAPNS1/CDK5/CHMP4A/CHMP4B/DAP/DAPK3/EIF2AK4/ERN1/FOXK2/GSK3A/HAX1/IKBKG/KDM4A/KEAP1/LAMTOR1/LAMTOR2/LAMTOR4/MAPK3/MLST8/NPRL2/PIK3R2/PIM2/PRKACA/PYCARD/RAB1B/RAB8A/RNF5/STK11/SUPT5H/TRIB3/TRIM21/TRIM8/TSC2/UBQLN4/WDR6/XBP1,42,1.918604924073509,GO BP,BL_sporatic_MUT_down,U2932
GO:0002768,immune response-regulating cell surface receptor signaling pathway,46/822,46,822,346/11678,346,11678,2.0577453746220765e-5,0.0013320802286559538,0.0012398666169726677,ACTB/ARPC1A/ARPC1B/BCL2/CCR7/CSK/CUL1/CYFIP2/DGKZ/DUSP22/ELMO2/GPS2/HRAS/IKBKG/LIME1/MAPK3/MICB/MYO1G/PIK3R2/PRKACA/PSMA7/PSMB10/PSMB2/PSMB3/PSMB4/PSMB5/PSMB6/PSMB8/PSMB9/PSMC4/PSMC5/PSMD13/PSMD2/PSMD4/PSMD7/PSMD8/PSME1/PSME2/PSMF1/RELA/RNF31/SKAP1/STK11/STOML2/TAB1/WASF2,46,1.8887669999859358,GO BP,BL_sporatic_MUT_down,U2932
GO:0006888,endoplasmic reticulum to Golgi vesicle-mediated transport,23/822,23,822,173/11678,173,11678,0.0023304949514575796,0.061988858288027596,0.057697662920140495,ACTR1A/ARF1/BET1L/CAPZB/COG4/COPE/CREB3L2/DCTN1/DCTN2/DCTN3/NAPA/NRBP1/NSF/PEF1/PREB/RAB1B/RANGRF/SCAP/SEC24C/TEX261/TRAPPC1/TRAPPC2L/TRAPPC6A,23,1.8887669999859358,GO BP,BL_sporatic_MUT_down,U2932
GO:0001666,response to hypoxia,37/822,37,822,279/11678,279,11678,1.375743289984816e-4,0.006427711910511666,0.0059827518267440375,BCL2/EGLN2/EIF4EBP1/ENDOG/ERCC2/FIS1/GNB1/HSF1/MYC/PIN1/PML/PSMA7/PSMB10/PSMB2/PSMB3/PSMB4/PSMB5/PSMB6/PSMB8/PSMB9/PSMC4/PSMC5/PSMD13/PSMD2/PSMD4/PSMD7/PSMD8/PSME1/PSME2/PSMF1/SCAP/STUB1/UBB/UCP2/USF1/USP19/XRCC1,37,1.8840575918513285,GO BP,BL_sporatic_MUT_down,U2932
GO:0043393,regulation of protein binding,22/822,22,822,166/11678,166,11678,0.0029836566464006655,0.07474217929796824,0.06956813185707231,ACTB/ADD1/ARRB2/AURKB/CDK5/DTNBP1/HSF1/LDLRAP1/MAPK3/MARK2/MEN1/PEX14/PIM2/PIN1/PPP1CA/PRKACA/RFNG/RUVBL2/SNAPIN/STUB1/TIAM1/TRIB3,22,1.8828305924427635,GO BP,BL_sporatic_MUT_down,U2932
GO:0002764,immune response-regulating signaling pathway,46/822,46,822,348/11678,348,11678,2.3854401987107693e-5,0.0015078788456085838,0.0014034955274396118,ACTB/ARPC1A/ARPC1B/BCL2/CCR7/CSK/CUL1/CYFIP2/DGKZ/DUSP22/ELMO2/GPS2/HRAS/IKBKG/LIME1/MAPK3/MICB/MYO1G/PIK3R2/PRKACA/PSMA7/PSMB10/PSMB2/PSMB3/PSMB4/PSMB5/PSMB6/PSMB8/PSMB9/PSMC4/PSMC5/PSMD13/PSMD2/PSMD4/PSMD7/PSMD8/PSME1/PSME2/PSMF1/RELA/RNF31/SKAP1/STK11/STOML2/TAB1/WASF2,46,1.8779120172273962,GO BP,BL_sporatic_MUT_down,U2932
GO:2001252,positive regulation of chromosome organization,21/822,21,822,159/11678,159,11678,0.003821416643798741,0.08966144815340889,0.08345461031803181,ACD/ANAPC11/AURKB/CDK9/CTBP1/ESPL1/JARID2/MAPK3/NELFE/NUMA1/PIH1D1/PML/RNF20/RNF40/RUVBL2/SART3/SETDB1/SLX1A/SMARCB1/WBP2/ZBTB7B,21,1.8763714823486204,GO BP,BL_sporatic_MUT_down,U2932
GO:0010948,negative regulation of cell cycle process,38/822,38,822,289/11678,289,11678,1.344248829567951e-4,0.006335656983568947,0.005897069426848879,AURKAIP1/AURKB/BABAM1/BCL2/CCNF/CDK9/CDKN2A/CHMP2A/CNOT3/CUL1/EHMT2/ESPL1/MEN1/NAA10/PML/PRMT1/PRMT2/PSMA7/PSMB10/PSMB2/PSMB3/PSMB4/PSMB5/PSMB6/PSMB8/PSMB9/PSMC4/PSMC5/PSMD13/PSMD2/PSMD4/PSMD7/PSMD8/PSME1/PSME2/PSMF1/RING1/RPA2,38,1.8680238089224526,GO BP,BL_sporatic_MUT_down,U2932
GO:0070507,regulation of microtubule cytoskeleton organization,21/822,21,822,160/11678,160,11678,0.004116325674495742,0.09492282338654773,0.08835176543722281,ARHGEF2/CCNF/CHMP1A/CHMP2A/CHMP4B/CIB1/DCTN1/FBXW5/FKBP4/HSPA1A/HSPA1B/KATNB1/MARK2/MARK4/MID1IP1/NUMA1/NUP62/POC1A/RANBP1/RANGRF/RASSF7,21,1.8646441605839414,GO BP,BL_sporatic_MUT_down,U2932
GO:0000209,protein polyubiquitination,40/822,40,822,305/11678,305,11678,9.558683517979864e-5,0.0049656241797200185,0.004621877511896678,ANAPC11/BCL2/CCNF/CUL1/DDA1/FBXL15/FBXL19/FBXW5/GPS2/PARP10/PSMA7/PSMB10/PSMB2/PSMB3/PSMB4/PSMB5/PSMB6/PSMB8/PSMB9/PSMC4/PSMC5/PSMD13/PSMD2/PSMD4/PSMD7/PSMD8/PSME1/PSME2/PSMF1/RNF20/RNF31/RNF40/RNF5/SHARPIN/STUB1/TRIM21/UBB/UBE2L6/UBE2M/UBE2O,40,1.8631885445335248,GO BP,BL_sporatic_MUT_down,U2932
GO:0022411,cellular component disassembly,62/822,62,822,475/11678,475,11678,1.4095589542906435e-6,1.2813449523473036e-4,1.1926435037961816e-4,ADD1/APEH/ARHGEF2/AURKAIP1/CAPN1/CAPNS1/CAPZB/CDK5/CFL1/CHMP1A/CHMP2A/CIB1/DCTN1/DVL2/ENDOG/ERAL1/FIS1/FLII/FZD2/GABARAP/GLE1/GSK3A/HAX1/HMGA1/HSF1/KATNB1/KIF18B/MARK2/MID1IP1/MRPL11/MRPL14/MRPL18/MRPL2/MRPL24/MRPL28/MRPL34/MRPL38/MRPL55/MRPS12/MRPS18A/MRPS26/MRPS34/MYC/NAPA/NSF/PDXP/PEX14/PPP1CA/PPP1R9B/PRKCA/PYM1/SH3BP1/SH3GL1/SHARPIN/SMARCB1/SMARCC2/SNAPIN/TRMT112/TSC2/TWF2/UBQLN4/WDR1,62,1.8543629145857345,GO BP,BL_sporatic_MUT_down,U2932
GO:0045930,negative regulation of mitotic cell cycle,36/822,36,822,276/11678,276,11678,2.34841668234906e-4,0.009416449876314553,0.008764593603959455,AURKAIP1/AURKB/BCL2/CDKN2A/CNOT3/CUL1/EME1/HRAS/MDC1/NAA10/PML/PRCC/PRMT1/PRMT2/PSMA7/PSMB10/PSMB2/PSMB3/PSMB4/PSMB5/PSMB6/PSMB8/PSMB9/PSMC4/PSMC5/PSMD13/PSMD2/PSMD4/PSMD7/PSMD8/PSME1/PSME2/PSMF1/RPA2/TRIM35/ZWINT,36,1.853062519834973,GO BP,BL_sporatic_MUT_down,U2932
GO:0043687,post-translational protein modification,38/822,38,822,292/11678,292,11678,1.6684606054197988e-4,0.007408792423901305,0.0068959167780334625,CCNF/COPS6/COPS7A/CUL1/DCAF11/DDA1/FBXL15/FBXL19/FBXW5/FN3KRP/GPS1/KEAP1/KLHL25/MEN1/PSMA7/PSMB10/PSMB2/PSMB3/PSMB4/PSMB5/PSMB6/PSMB8/PSMB9/PSMC4/PSMC5/PSMD13/PSMD2/PSMD4/PSMD7/PSMD8/PSME1/PSME2/PSMF1/RAB11B/RAB1B/RAB8A/UBE2M/WDTC1,38,1.8488317834883177,GO BP,BL_sporatic_MUT_down,U2932
GO:0002253,activation of immune response,49/822,49,822,378/11678,378,11678,2.1963120520288878e-5,0.0014048553161370493,0.0013076038294723366,ACTB/ARPC1A/ARPC1B/BCL2/CCR7/CSK/CUL1/CYFIP2/DGKZ/DUSP22/ELMO2/GPS2/HRAS/IKBKG/LIME1/MAPK3/MICB/MYO1G/PIK3R2/PQBP1/PRKACA/PSMA7/PSMB10/PSMB2/PSMB3/PSMB4/PSMB5/PSMB6/PSMB8/PSMB9/PSMC4/PSMC5/PSMD13/PSMD2/PSMD4/PSMD7/PSMD8/PSME1/PSME2/PSMF1/PYCARD/RELA/RNF31/SKAP1/STK11/STOML2/TAB1/WASF2/ZCCHC3,49,1.8416238623051273,GO BP,BL_sporatic_MUT_down,U2932
GO:0031098,stress-activated protein kinase signaling cascade,30/822,30,822,232/11678,232,11678,8.722511759764629e-4,0.028063506398332546,0.026120802628831864,AKR1B1/CCR7/CUL1/DAXX/DTNBP1/DUSP22/DVL2/ERN1/FGD2/GPS1/GPS2/HRAS/IKBKG/MAP2K2/MAP2K3/MAP3K11/MAP3K3/MAP4K1/MAPK3/MAPKAPK2/MEN1/MYC/PAK4/PRMT1/PTPN1/PYCARD/SH2D3C/TAB1/TIAM1/UBB,30,1.8370878429398438,GO BP,BL_sporatic_MUT_down,U2932
GO:0002831,regulation of response to biotic stimulus,41/822,41,822,318/11678,318,11678,1.1491800922517878e-4,0.005724943869020037,0.005328633091718671,ARRB2/CACTIN/CUL1/EIF2AK4/FADD/HRAS/IFNLR1/IKBKG/IRF3/MAPK3/MICB/NFKBIL1/PQBP1/PRKACA/PRKCA/PSMA7/PSMB10/PSMB2/PSMB3/PSMB4/PSMB5/PSMB6/PSMB8/PSMB9/PSMC4/PSMC5/PSMD13/PSMD2/PSMD4/PSMD7/PSMD8/PSME1/PSME2/PSMF1/PTPN1/PYCARD/RELA/STAT5B/TAB1/TRAFD1/ZCCHC3,41,1.8316959708641296,GO BP,BL_sporatic_MUT_down,U2932
GO:0010498,proteasomal protein catabolic process,56/822,56,822,437/11678,437,11678,8.072777522446068e-6,5.941785428507223e-4,5.5304637359973e-4,ANAPC11/ARRB2/AURKB/CCAR2/CCNF/CUL1/DCAF11/DDA1/FBXL15/FBXL19/FBXW5/GSK3A/HECTD3/HSPA1A/HSPA1B/KCTD17/KEAP1/MAEA/PML/PRKACA/PSMA7/PSMB10/PSMB2/PSMB3/PSMB4/PSMB5/PSMB6/PSMB8/PSMB9/PSMC4/PSMC5/PSMD13/PSMD2/PSMD4/PSMD7/PSMD8/PSME1/PSME2/PSMF1/RAD23A/RNF185/RNF40/RNF5/SDF2L1/SEC61B/SGTA/SHARPIN/STUB1/TMUB1/TRIB3/UBB/UBQLN4/UBXN1/USP19/ZER1/ZFAND2B,56,1.8205526510659384,GO BP,BL_sporatic_MUT_down,U2932
GO:0036293,response to decreased oxygen levels,37/822,37,822,290/11678,290,11678,3.0112240755686057e-4,0.01180971310805118,0.010992182545544713,BCL2/EGLN2/EIF4EBP1/ENDOG/ERCC2/FIS1/GNB1/HSF1/MYC/PIN1/PML/PSMA7/PSMB10/PSMB2/PSMB3/PSMB4/PSMB5/PSMB6/PSMB8/PSMB9/PSMC4/PSMC5/PSMD13/PSMD2/PSMD4/PSMD7/PSMD8/PSME1/PSME2/PSMF1/SCAP/STUB1/UBB/UCP2/USF1/USP19/XRCC1,37,1.8125933383673127,GO BP,BL_sporatic_MUT_down,U2932
GO:1902903,regulation of supramolecular fiber organization,37/822,37,822,290/11678,290,11678,3.0112240755686057e-4,0.01180971310805118,0.010992182545544713,ADD1/ARF1/ARHGEF2/ARPC1A/ARPC1B/BIN1/CAPZB/CCR7/CDC42EP2/CFL1/CIB1/CYFIP2/DAPK3/DCTN1/FHOD1/FKBP4/FLII/GMFG/HAX1/HCLS1/HSPA1A/HSPA1B/KATNB1/MID1IP1/MLST8/NCK2/NUMA1/PDXP/PFN1/PYCARD/RANGRF/SH3BP1/TMSB10/TMSB4X/TWF2/WASF2/WDR1,37,1.8125933383673127,GO BP,BL_sporatic_MUT_down,U2932
GO:0051493,regulation of cytoskeleton organization,56/822,56,822,439/11678,439,11678,9.257897092588673e-6,6.541462140151976e-4,6.088627666179247e-4,ADD1/ARF1/ARHGDIA/ARHGEF2/ARPC1A/ARPC1B/BIN1/BST2/CAPZB/CCNF/CCR7/CDC42EP2/CDK5/CFL1/CHMP1A/CHMP2A/CHMP4B/CIB1/CYFIP2/DAPK3/DCTN1/FBXW5/FHOD1/FKBP4/FLII/GMFG/HAX1/HCLS1/HRAS/HSPA1A/HSPA1B/ILK/KATNB1/MAPK3/MARK2/MARK4/MID1IP1/MLST8/NCK2/NUMA1/NUP62/PDXP/PFDN2/PFN1/POC1A/PYCARD/RANBP1/RANGRF/RASSF7/RHOG/SH3BP1/TMSB10/TMSB4X/TWF2/WASF2/WDR1,56,1.8122585615394422,GO BP,BL_sporatic_MUT_down,U2932
GO:0006401,RNA catabolic process,47/822,47,822,369/11678,369,11678,5.0329652383627153e-05,0.002846539181655039,0.002649486742100971,ANP32A/APEX1/CNOT3/DCPS/ERN1/EXOSC4/FASTK/FXR2/HNRNPM/HSPA1A/HSPA1B/LSM2/LSM4/MAPKAPK2/MYD88/NT5C3B/POLR2G/PRKCA/PSMA7/PSMB10/PSMB2/PSMB3/PSMB4/PSMB5/PSMB6/PSMB8/PSMB9/PSMC4/PSMC5/PSMD13/PSMD2/PSMD4/PSMD7/PSMD8/PSME1/PSME2/PSMF1/PYM1/RBM10/RNASEH2A/RPLP1/RPLP2/RPS14/RPS21/THRAP3/UBB/YBX1,47,1.8095398228921462,GO BP,BL_sporatic_MUT_down,U2932
GO:0000377,"RNA splicing, via transesterification reactions with bulged adenosine as nucleophile",41/822,41,822,323/11678,323,11678,1.6199392750873356e-4,0.007253278104203545,0.006751167978894677,AAR2/BUD13/CACTIN/CD2BP2/CPSF7/DCPS/DDX23/DHX16/FXR2/HNRNPM/HNRNPUL1/JMJD6/LSM2/LSM4/MFAP1/PCBP1/POLR2E/POLR2F/POLR2G/POLR2J/POLR2L/PQBP1/PRCC/PRPF6/RALY/RBM10/SART3/SCNM1/SF3A2/SF3B2/SF3B4/SNRNP25/SNRPA/SNRPC/SNRPD2/SRSF9/THRAP3/U2AF2/WDR77/YBX1/ZMAT2,41,1.8033415440705673,GO BP,BL_sporatic_MUT_down,U2932
GO:0000398,"mRNA splicing, via spliceosome",41/822,41,822,323/11678,323,11678,1.6199392750873356e-4,0.007253278104203545,0.006751167978894677,AAR2/BUD13/CACTIN/CD2BP2/CPSF7/DCPS/DDX23/DHX16/FXR2/HNRNPM/HNRNPUL1/JMJD6/LSM2/LSM4/MFAP1/PCBP1/POLR2E/POLR2F/POLR2G/POLR2J/POLR2L/PQBP1/PRCC/PRPF6/RALY/RBM10/SART3/SCNM1/SF3A2/SF3B2/SF3B4/SNRNP25/SNRPA/SNRPC/SNRPD2/SRSF9/THRAP3/U2AF2/WDR77/YBX1/ZMAT2,41,1.8033415440705673,GO BP,BL_sporatic_MUT_down,U2932
GO:1903050,regulation of proteolysis involved in cellular protein catabolic process,25/822,25,822,197/11678,197,11678,0.0029299403008656924,0.07425740205920456,0.06911691345289425,CCAR2/DDA1/GSK3A/HSPA1A/HSPA1B/KEAP1/MAGEF1/PML/PRKACA/PSMC4/PSME1/PSME2/PSMF1/RAD23A/RNF185/RNF40/SGTA/STUB1/SUFU/TRIB3/UBB/UBQLN4/UBXN1/USP19/ZER1,25,1.8028950066076304,GO BP,BL_sporatic_MUT_down,U2932
GO:0051403,stress-activated MAPK cascade,28/822,28,822,221/11678,221,11678,0.0017416522817663915,0.05004223374294557,0.04657804666857374,CCR7/CUL1/DAXX/DTNBP1/DUSP22/DVL2/ERN1/FGD2/GPS1/GPS2/HRAS/IKBKG/MAP2K2/MAP2K3/MAP3K11/MAP3K3/MAP4K1/MAPK3/MAPKAPK2/MEN1/MYC/PRMT1/PTPN1/PYCARD/SH2D3C/TAB1/TIAM1/UBB,28,1.79995816406293,GO BP,BL_sporatic_MUT_down,U2932
GO:0000375,"RNA splicing, via transesterification reactions",41/822,41,822,326/11678,326,11678,1.979854127258107e-4,0.008310747051373288,0.007735433354114528,AAR2/BUD13/CACTIN/CD2BP2/CPSF7/DCPS/DDX23/DHX16/FXR2/HNRNPM/HNRNPUL1/JMJD6/LSM2/LSM4/MFAP1/PCBP1/POLR2E/POLR2F/POLR2G/POLR2J/POLR2L/PQBP1/PRCC/PRPF6/RALY/RBM10/SART3/SCNM1/SF3A2/SF3B2/SF3B4/SNRNP25/SNRPA/SNRPC/SNRPD2/SRSF9/THRAP3/U2AF2/WDR77/YBX1/ZMAT2,41,1.7867463764870957,GO BP,BL_sporatic_MUT_down,U2932
GO:0006914,autophagy,59/822,59,822,471/11678,471,11678,9.374513024226728e-6,6.541462140151976e-4,6.088627666179247e-4,ADPRH/ATG101/ATG4B/ATP6V0D1/ATP6V1E1/BCL2/CAPN1/CAPNS1/CDK5/CHMP2A/CHMP4A/CHMP4B/CSNK2B/DAP/DAPK3/EIF2AK4/EMC6/ERN1/FIS1/FOXK2/GABARAP/GSK3A/HAX1/IKBKG/KDM4A/KEAP1/LAMTOR1/LAMTOR2/LAMTOR4/MAPK3/MARK2/MLST8/NPRL2/PACS2/PIK3R2/PIM2/PRKACA/PYCARD/RAB1B/RAB24/RAB8A/RNF185/RNF5/SNAPIN/STK11/STUB1/SUPT5H/TECPR2/TOLLIP/TRIB3/TRIM21/TRIM8/TSC2/UBQLN4/VPS18/VPS51/WDR6/XBP1/ZFYVE1,59,1.7796219670318885,GO BP,BL_sporatic_MUT_down,U2932
GO:0061919,process utilizing autophagic mechanism,59/822,59,822,471/11678,471,11678,9.374513024226728e-6,6.541462140151976e-4,6.088627666179247e-4,ADPRH/ATG101/ATG4B/ATP6V0D1/ATP6V1E1/BCL2/CAPN1/CAPNS1/CDK5/CHMP2A/CHMP4A/CHMP4B/CSNK2B/DAP/DAPK3/EIF2AK4/EMC6/ERN1/FIS1/FOXK2/GABARAP/GSK3A/HAX1/IKBKG/KDM4A/KEAP1/LAMTOR1/LAMTOR2/LAMTOR4/MAPK3/MARK2/MLST8/NPRL2/PACS2/PIK3R2/PIM2/PRKACA/PYCARD/RAB1B/RAB24/RAB8A/RNF185/RNF5/SNAPIN/STK11/STUB1/SUPT5H/TECPR2/TOLLIP/TRIB3/TRIM21/TRIM8/TSC2/UBQLN4/VPS18/VPS51/WDR6/XBP1/ZFYVE1,59,1.7796219670318885,GO BP,BL_sporatic_MUT_down,U2932
GO:0051090,regulation of DNA-binding transcription factor activity,42/822,42,822,336/11678,336,11678,1.9006926186918718e-4,0.008105096381136054,0.007544018906771165,ARHGEF2/ARRB2/CACTIN/CDKN2A/CIB1/COMMD6/COMMD7/CRTC2/DAP/DVL2/EIF2AK4/FLOT2/FZD2/HCLS1/HSPA1A/HSPA1B/IKBKG/KEAP1/MAPK3/MEN1/MYD88/NFKBIB/NFKBIL1/PARP10/PEX14/PIAS4/PRMT2/PYCARD/RELA/RIPK3/RNF25/RNF31/SMARCB1/SUFU/TAB1/TAF12/TMSB4X/TRADD/TRIM21/TRIM26/TRIM8/UBB,42,1.7758515815085159,GO BP,BL_sporatic_MUT_down,U2932
GO:0030111,regulation of Wnt signaling pathway,34/822,34,822,273/11678,273,11678,8.056686943696622e-4,0.027055361842801218,0.025182447150988586,CCAR2/CSNK1G2/DAPK3/DVL2/EMD/FUZ/GSK3A/HDAC1/ILK/PIN1/PPP1CA/PSMA7/PSMB10/PSMB2/PSMB3/PSMB4/PSMB5/PSMB6/PSMB8/PSMB9/PSMC4/PSMC5/PSMD13/PSMD2/PSMD4/PSMD7/PSMD8/PSME1/PSME2/PSMF1/RUVBL2/STK11/TIAM1/TSC2,34,1.7693466306604992,GO BP,BL_sporatic_MUT_down,U2932
GO:0016055,Wnt signaling pathway,48/822,48,822,388/11678,388,11678,8.735032437087991e-5,0.004601306792595469,0.004282780093767291,AP2A1/AP2M1/ARRB2/CCAR2/CSNK1G2/CSNK2B/CUL1/DAPK3/DVL2/EMD/FUZ/FZD2/GNB1/GRK6/GSK3A/HDAC1/ILK/MARK2/PARD6A/PFN1/PIAS4/PIN1/PPP1CA/PSMA7/PSMB10/PSMB2/PSMB3/PSMB4/PSMB5/PSMB6/PSMB8/PSMB9/PSMC4/PSMC5/PSMD13/PSMD2/PSMD4/PSMD7/PSMD8/PSME1/PSME2/PSMF1/PYGO2/RUVBL2/STK11/TIAM1/TSC2/UBB,48,1.7575438332455415,GO BP,BL_sporatic_MUT_down,U2932
GO:0198738,cell-cell signaling by wnt,48/822,48,822,390/11678,390,11678,9.916194104112027e-5,0.0050742581829898974,0.00472299129710639,AP2A1/AP2M1/ARRB2/CCAR2/CSNK1G2/CSNK2B/CUL1/DAPK3/DVL2/EMD/FUZ/FZD2/GNB1/GRK6/GSK3A/HDAC1/ILK/MARK2/PARD6A/PFN1/PIAS4/PIN1/PPP1CA/PSMA7/PSMB10/PSMB2/PSMB3/PSMB4/PSMB5/PSMB6/PSMB8/PSMB9/PSMC4/PSMC5/PSMD13/PSMD2/PSMD4/PSMD7/PSMD8/PSME1/PSME2/PSMF1/PYGO2/RUVBL2/STK11/TIAM1/TSC2/UBB,48,1.7485307879468464,GO BP,BL_sporatic_MUT_down,U2932
GO:1903320,regulation of protein modification by small protein conjugation or removal,26/822,26,822,213/11678,213,11678,0.004162201243843026,0.09557054394516487,0.08895464736616382,ARRB2/CDK5/CDK9/DAXX/GPS2/GSK3A/HMG20B/HSPA1A/HSPA1B/ISG15/PARP10/PEF1/PIAS4/PIN1/RELA/RNF20/RNF40/SART3/STUB1/TNIP1/TOLLIP/TRIB3/TRIM21/U2AF2/UBB/UBXN1,26,1.734164924665593,GO BP,BL_sporatic_MUT_down,U2932
GO:0070482,response to oxygen levels,38/822,38,822,312/11678,312,11678,6.300203119040315e-4,0.022270389051712903,0.020728715386814776,ATP6V0D1/BCL2/EGLN2/EIF4EBP1/ENDOG/ERCC2/FIS1/GNB1/HSF1/MYC/PIN1/PML/PSMA7/PSMB10/PSMB2/PSMB3/PSMB4/PSMB5/PSMB6/PSMB8/PSMB9/PSMC4/PSMC5/PSMD13/PSMD2/PSMD4/PSMD7/PSMD8/PSME1/PSME2/PSMF1/SCAP/STUB1/UBB/UCP2/USF1/USP19/XRCC1,38,1.7303169255724,GO BP,BL_sporatic_MUT_down,U2932
GO:1901987,regulation of cell cycle phase transition,49/822,49,822,404/11678,404,11678,1.2105664601211251e-4,0.005913066900209823,0.005503733255536331,ACTR1A/ANAPC11/APEX1/AURKB/BABAM1/BCL2/CDC25B/CDKN2A/CNOT3/CUL1/DCTN1/DCTN2/DCTN3/ERCC2/ESPL1/HAUS4/HAUS7/MEN1/NDE1/ODF2/PAGR1/PML/PPP1R9B/PRKACA/PRMT1/PRMT2/PSMA7/PSMB10/PSMB2/PSMB3/PSMB4/PSMB5/PSMB6/PSMB8/PSMB9/PSMC4/PSMC5/PSMD13/PSMD2/PSMD4/PSMD7/PSMD8/PSME1/PSME2/PSMF1/RPA2/SSNA1/TUBB/TUBG1,49,1.723103514731035,GO BP,BL_sporatic_MUT_down,U2932
GO:1901990,regulation of mitotic cell cycle phase transition,46/822,46,822,380/11678,380,11678,2.0303257607924208e-4,0.008456542878091222,0.007871136425560825,ACTR1A/ANAPC11/APEX1/AURKB/BCL2/CDC25B/CDKN2A/CNOT3/CUL1/DCTN1/DCTN2/DCTN3/ERCC2/ESPL1/HAUS4/HAUS7/NDE1/ODF2/PML/PPP1R9B/PRKACA/PRMT1/PRMT2/PSMA7/PSMB10/PSMB2/PSMB3/PSMB4/PSMB5/PSMB6/PSMB8/PSMB9/PSMC4/PSMC5/PSMD13/PSMD2/PSMD4/PSMD7/PSMD8/PSME1/PSME2/PSMF1/RPA2/SSNA1/TUBB/TUBG1,46,1.7197720578819313,GO BP,BL_sporatic_MUT_down,U2932
GO:0008380,RNA splicing,49/822,49,822,408/11678,408,11678,1.5410597167227387e-4,0.007077020391411346,0.006587111753620991,AAR2/AKAP17A/BUD13/CACTIN/CCAR2/CD2BP2/CPSF7/DCPS/DDX23/DHX16/ERN1/FASTK/FXR2/HNRNPM/HNRNPUL1/HSPA1A/JMJD6/LSM2/LSM4/MFAP1/PCBP1/POLR2E/POLR2F/POLR2G/POLR2J/POLR2L/PPP1R9B/PQBP1/PRCC/PRPF6/RALY/RBM10/SART3/SCAF1/SCNM1/SF3A2/SF3B2/SF3B4/SNRNP25/SNRPA/SNRPC/SNRPD2/SRSF9/THRAP3/TRPT1/U2AF2/WDR77/YBX1/ZMAT2,49,1.7062103430179858,GO BP,BL_sporatic_MUT_down,U2932
GO:0046034,ATP metabolic process,29/822,29,822,242/11678,242,11678,0.003362947108193439,0.08139240906451958,0.07575799768149373,COQ9/COX5B/COX6A1/COX6B1/COX8A/FOXK2/GUK1/HK1/HK3/HSPA1A/HSPA1B/NDUFA11/NDUFA13/NDUFA2/NDUFA8/NDUFB10/NDUFB7/NDUFS5/NDUFS8/NDUFV1/NUDT2/NUP62/OGDH/STOML2/SURF1/TMSB4X/UQCR10/UQCR11/UQCRQ,29,1.7024692847519654,GO BP,BL_sporatic_MUT_down,U2932
GO:1903706,regulation of hemopoiesis,48/822,48,822,401/11678,401,11678,1.9425361590149823e-4,0.008218304553061023,0.007649390212581999,AP3D1/CAMK4/CCR2/CIB1/FADD/GNAS/HAX1/HCLS1/HDAC1/H3C4/H3C11/H4C1/H4C5/H4C9/HSPA1A/HSPA1B/IRF4/ISG15/KLF13/MYC/PRKCA/PRMT1/PRMT6/PSMA7/PSMB10/PSMB2/PSMB3/PSMB4/PSMB5/PSMB6/PSMB8/PSMB9/PSMC4/PSMC5/PSMD13/PSMD2/PSMD4/PSMD7/PSMD8/PSME1/PSME2/PSMF1/RARA/RUNX3/STAT5B/TP73/XBP1/ZBTB7B,48,1.7005661029906982,GO BP,BL_sporatic_MUT_down,U2932
GO:0045862,positive regulation of proteolysis,36/822,36,822,301/11678,301,11678,0.0012038630103695857,0.037389340778703956,0.0348010536188981,ADRM1/ANP32B/AURKAIP1/BAK1/CIDEB/CYFIP2/DAP/DDA1/FADD/FIS1/GSK3A/HIP1/HSF1/HSPA1A/HSPA1B/KEAP1/MAGEF1/MAPK3/MYC/NDUFA13/PML/PSMC4/PSME1/PSME2/PYCARD/RAD23A/RNF185/RNF40/SART3/SGTA/STUB1/TBC1D10A/TNIP1/TRADD/TRIB3/ZER1,36,1.6991536726726,GO BP,BL_sporatic_MUT_down,U2932
GO:0097193,intrinsic apoptotic signaling pathway,30/822,30,822,251/11678,251,11678,0.0030038492895475234,0.07474217929796824,0.06956813185707231,ARHGEF2/BAK1/BCL2/BCL2L12/CCAR2/CIDEB/CUL1/ERN1/FIS1/HDAC1/HRAS/HSPA1A/MAPK7/NCK2/NDUFA13/NOC2L/PIAS4/PLAGL2/PML/PTPN1/PYCARD/RIPK3/STK11/STYXL1/TP53BP2/TP73/TRIB3/UBB/USP28/XBP1,30,1.6980254165818476,GO BP,BL_sporatic_MUT_down,U2932
GO:0051098,regulation of binding,34/822,34,822,285/11678,285,11678,0.0016980009964086072,0.04931545596596457,0.045901580278448324,ACD/ACTB/ADD1/ARRB2/AURKB/CALM3/CDK5/CDK9/CPNE1/CSNK2B/DTNBP1/EDF1/ERCC2/HEY2/HSF1/IRF4/LDLRAP1/MAPK3/MARK2/MEN1/PEX14/PIM2/PIN1/PPP1CA/PRKACA/PYGO2/RARA/RFNG/RUVBL2/SNAPIN/STUB1/TIAM1/TMSB4X/TRIB3,34,1.6948478251590045,GO BP,BL_sporatic_MUT_down,U2932
GO:0062012,regulation of small molecule metabolic process,41/822,41,822,344/11678,344,11678,6.092124819265968e-4,0.021821991102610697,0.020311357906198327,ACADVL/AP2A1/CLYBL/FDFT1/FDPS/FOXK2/GSK3A/LDLRAP1/LSS/MAEA/MID1IP1/MVD/MVK/NUP62/OAZ1/PGP/PMVK/PPP1CA/PSMA7/PSMB10/PSMB2/PSMB3/PSMB4/PSMB5/PSMB6/PSMB8/PSMB9/PSMC4/PSMC5/PSMD13/PSMD2/PSMD4/PSMD7/PSMD8/PSME1/PSME2/PSMF1/SCAP/TMSB4X/TRIB3/WDTC1,41,1.6932538335313756,GO BP,BL_sporatic_MUT_down,U2932
GO:0006091,generation of precursor metabolites and energy,49/822,49,822,414/11678,414,11678,2.1915564009775864e-4,0.00892063071397922,0.008303097656335339,ACADVL/ACO2/AKR1A1/AKR1B1/BLOC1S1/COQ9/COX5B/COX6A1/COX6B1/COX8A/FDX2/FDXR/FOXK2/G6PD/GNAS/GSK3A/GYS1/HK1/HK3/IDH2/IDH3G/MDH2/MYC/NDUFA11/NDUFA13/NDUFA2/NDUFA8/NDUFB10/NDUFB7/NDUFS5/NDUFS8/NDUFV1/NUP62/OGDH/PGD/PPP1CA/PPP1R2/SCO2/SH3BGRL3/SLC25A22/STOML2/SURF1/TACO1/TALDO1/THTPA/GFUS/UQCR10/UQCR11/UQCRQ,49,1.6814826568872903,GO BP,BL_sporatic_MUT_down,U2932
GO:0032956,regulation of actin cytoskeleton organization,33/822,33,822,279/11678,279,11678,0.0022678093040813013,0.06154009793347895,0.05727996812169199,ADD1/ARF1/ARHGDIA/ARPC1A/ARPC1B/BIN1/BST2/CAPZB/CCR7/CDC42EP2/CDK5/CFL1/CYFIP2/DAPK3/FHOD1/FLII/GMFG/HAX1/HCLS1/HRAS/ILK/MLST8/NCK2/PDXP/PFN1/PYCARD/RHOG/SH3BP1/TMSB10/TMSB4X/TWF2/WASF2/WDR1,33,1.6803756900295632,GO BP,BL_sporatic_MUT_down,U2932
GO:0006397,mRNA processing,54/822,54,822,460/11678,460,11678,1.3103064673181702e-4,0.006335656983568947,0.005897069426848879,AAR2/AKAP17A/AURKAIP1/BUD13/CACTIN/CCAR2/CD2BP2/CDK9/CPSF7/DCPS/DDX23/DHX16/ERCC2/ERN1/FXR2/HNRNPM/HNRNPUL1/HSF1/JMJD6/LSM2/LSM4/MFAP1/NELFE/PCBP1/POLR2E/POLR2F/POLR2G/POLR2J/POLR2L/PQBP1/PRCC/PRKACA/PRPF6/RALY/RBM10/RNF20/RNF40/SART3/SCAF1/SCNM1/SF3A2/SF3B2/SF3B4/SNRNP25/SNRPA/SNRPC/SNRPD2/SRSF9/SUPT5H/THRAP3/U2AF2/WDR77/YBX1/ZMAT2,54,1.667756267851476,GO BP,BL_sporatic_MUT_down,U2932
GO:1905114,cell surface receptor signaling pathway involved in cell-cell signaling,52/822,52,822,444/11678,444,11678,1.845426831939801e-4,0.007936466284041788,0.007387062273449614,AP2A1/AP2M1/ARRB2/CCAR2/CDK5/CSNK1G2/CSNK2B/CUL1/CUX2/DAPK3/DVL2/EMD/FUZ/FZD2/GNB1/GRK6/GSK3A/HDAC1/ILK/MARK2/P2RX5/PARD6A/PFN1/PIAS4/PIN1/PPP1CA/PSMA7/PSMB10/PSMB2/PSMB3/PSMB4/PSMB5/PSMB6/PSMB8/PSMB9/PSMC4/PSMC5/PSMD13/PSMD2/PSMD4/PSMD7/PSMD8/PSME1/PSME2/PSMF1/PYGO2/RUVBL2/SH3GL1/STK11/TIAM1/TSC2/UBB,52,1.6638609412332042,GO BP,BL_sporatic_MUT_down,U2932
GO:0002009,morphogenesis of an epithelium,45/822,45,822,385/11678,385,11678,5.152635359630804e-4,0.019093179163652628,0.017771448706791978,ACTB/AP2A1/AP2M1/ARRB2/BCL2/CFL1/CSNK2B/DVL2/FKBPL/FUZ/FZD2/HBEGF/ILK/MYC/PARD6A/PFN1/PML/PPP1CA/PRKACA/PSMA7/PSMB10/PSMB2/PSMB3/PSMB4/PSMB5/PSMB6/PSMB8/PSMB9/PSMC4/PSMC5/PSMD13/PSMD2/PSMD4/PSMD7/PSMD8/PSME1/PSME2/PSMF1/RARA/SH3BP1/SUFU/TIAM1/TIMELESS/TSC2/WDR1,45,1.6605365437482227,GO BP,BL_sporatic_MUT_down,U2932
GO:0032103,positive regulation of response to external stimulus,43/822,43,822,372/11678,372,11678,8.552157064304719e-4,0.02768116861837907,0.025764932284408196,CCR2/CCR7/CUL1/FADD/GPSM3/HRAS/IKBKG/IRF3/MAPK3/MYD88/PQBP1/PRKACA/PRKCA/PSMA7/PSMB10/PSMB2/PSMB3/PSMB4/PSMB5/PSMB6/PSMB8/PSMB9/PSMC4/PSMC5/PSMD13/PSMD2/PSMD4/PSMD7/PSMD8/PSME1/PSME2/PSMF1/PYCARD/RELA/STAT5B/STX4/TAB1/TIAM1/TMSB4X/TNIP1/TRADD/USF1/ZCCHC3,43,1.6421853334379823,GO BP,BL_sporatic_MUT_down,U2932
GO:0048193,Golgi vesicle transport,37/822,37,822,323/11678,323,11678,0.0022407281803622824,0.061113870624804785,0.05688324651296396,ACTR1A/AP1G2/AP2A1/AP3D1/ARF1/ARF5/ARL3/BET1L/CAPZB/COG4/COPE/CREB3L2/CSK/CUX2/DCTN1/DCTN2/DCTN3/EXOC2/KLC2/LLGL1/NAPA/NRBP1/NSF/NUMA1/PEF1/PREB/RAB1B/RAB8A/RANGRF/SCAP/SEC24C/STX4/TEX261/TRAPPC1/TRAPPC2L/TRAPPC6A/VPS51,37,1.6274057836734388,GO BP,BL_sporatic_MUT_down,U2932
GO:0016570,histone modification,45/822,45,822,393/11678,393,11678,7.987141294171322e-4,0.02699050954313366,0.025122084269187654,AURKB/BRD8/CBX8/CDK5/CDK9/CRTC2/CTBP1/CXXC1/EHMT2/HDAC1/INCENP/ING4/IRF4/JARID2/JMJD6/KDM4A/MAPK3/MEN1/MRGBP/NELFE/NOC2L/NTMT1/PAGR1/PHF20/PIH1D1/PRKCA/PRMT1/PRMT2/PRMT6/PYGO2/RING1/RNF20/RNF40/RUVBL2/SART3/SETDB1/SGF29/SMARCB1/TAF12/TAF6/TAF6L/TRMT112/UHRF1/WBP2/ZBTB7B,45,1.6267342731375718,GO BP,BL_sporatic_MUT_down,U2932
GO:0032535,regulation of cellular component size,33/822,33,822,289/11678,289,11678,0.003965690484194296,0.09184334039472393,0.08548546048279082,ADD1/AP2M1/ARF1/ARPC1A/ARPC1B/BIN1/CAPZB/CCR7/CDC42EP2/CDK5/CFL1/CYFIP2/FLII/GDI1/GMFG/HAX1/HCLS1/ILK/LAMTOR4/LRRC8A/MLST8/NCK2/PDXP/PFN1/PPP1CA/PYCARD/SH3BP1/TMSB10/TMSB4X/TWF2/WASF2/WDR1/WDTC1,33,1.6222312024852878,GO BP,BL_sporatic_MUT_down,U2932
GO:0043254,regulation of protein-containing complex assembly,41/822,41,822,360/11678,360,11678,0.0014879698755665134,0.04466403430960266,0.04157215453582185,ADD1/ARF1/ARHGEF2/ARPC1A/ARPC1B/BAK1/BIN1/CAPZB/CCR7/CDC42EP2/CYFIP2/DCTN1/EIF4EBP1/ERCC2/FKBP4/FLII/GMFG/HAX1/HCLS1/HSF1/HSPA1A/HSPA1B/MLST8/NAPA/NCK2/NUMA1/PFN1/PIH1D1/PREB/PSMC4/PSMC5/PYCARD/RANGRF/RPA2/SKAP1/STUB1/TMSB10/TMSB4X/TWF2/VPS18/WASF2,41,1.6179981075966476,GO BP,BL_sporatic_MUT_down,U2932
GO:0031400,negative regulation of protein modification process,55/822,55,822,487/11678,487,11678,3.086045458277695e-4,0.01192900881102594,0.011103219971433041,ARRB2/BAK1/CACTIN/CALM3/CDK5/CDKN2A/CDYL/CIB1/CSK/CTBP1/DTNBP1/DUSP22/FKBP8/G6PD/GMFG/GPS1/GPS2/HMG20B/HSPA1A/HSPA1B/ILK/ISG15/JARID2/MEN1/MYC/NCK2/NOC2L/NUP62/PARD6A/PARP10/PIH1D1/PIK3R2/PIN1/PPP1R11/PPP1R2/PPP1R35/PPP1R9B/PRMT6/PTPN1/PYCARD/RELA/RGS14/RGS3/SH3BP5L/SMARCB1/SNTA1/STYXL1/TAB1/TNIP1/TRIB3/TRIM21/TSC2/U2AF2/UBXN1/XRCC1,55,1.6044654945867496,GO BP,BL_sporatic_MUT_down,U2932
GO:2001233,regulation of apoptotic signaling pathway,37/822,37,822,329/11678,329,11678,0.0030732866800773943,0.07585821023952775,0.07060690525688802,ARHGEF2/ARRB2/BAK1/BCL2/BCL2L12/CCAR2/CIDEB/DAPK3/FADD/FIS1/GSK3A/HDAC1/HSPA1A/HSPA1B/MAPK7/MAZ/NCK2/NDUFA13/NMT1/NOC2L/PIAS4/PIH1D1/PLAGL2/PML/PPP1CA/PTPN1/PYCARD/RELA/RIPK3/STX4/STYXL1/TP53BP2/TP73/TRADD/TRPS1/UBB/XBP1,37,1.5977266508404884,GO BP,BL_sporatic_MUT_down,U2932
GO:0016569,covalent chromatin modification,45/822,45,822,403/11678,403,11678,0.001341834289913501,0.040732630732797974,0.03791290342776714,AURKB/BRD8/CBX8/CDK5/CDK9/CRTC2/CTBP1/CXXC1/EHMT2/HDAC1/INCENP/ING4/IRF4/JARID2/JMJD6/KDM4A/MAPK3/MEN1/MRGBP/NELFE/NOC2L/NTMT1/PAGR1/PHF20/PIH1D1/PRKCA/PRMT1/PRMT2/PRMT6/PYGO2/RING1/RNF20/RNF40/RUVBL2/SART3/SETDB1/SGF29/SMARCB1/TAF12/TAF6/TAF6L/TRMT112/UHRF1/WBP2/ZBTB7B,45,1.5863686584195178,GO BP,BL_sporatic_MUT_down,U2932
GO:0034655,nucleobase-containing compound catabolic process,53/822,53,822,480/11678,480,11678,6.767749974186979e-4,0.023460077813746216,0.02183604762469429,ANP32A/APEX1/CNOT3/DCPS/ENDOG/ERN1/EXOSC4/FASTK/FXR2/GSK3A/HNRNPM/HSF1/HSPA1A/HSPA1B/ITPA/LSM2/LSM4/MAPKAPK2/MYD88/NT5C3B/NTHL1/NUDT18/POLR2G/PRKCA/PSMA7/PSMB10/PSMB2/PSMB3/PSMB4/PSMB5/PSMB6/PSMB8/PSMB9/PSMC4/PSMC5/PSMD13/PSMD2/PSMD4/PSMD7/PSMD8/PSME1/PSME2/PSMF1/PYM1/RBM10/RNASEH2A/RPLP1/RPLP2/RPS14/RPS21/THRAP3/UBB/YBX1,53,1.568668896999189,GO BP,BL_sporatic_MUT_down,U2932
GO:0006281,DNA repair,54/822,54,822,499/11678,499,11678,9.687186127855454e-4,0.030798373411223285,0.028666347738051236,ADPRS/APEX1/BABAM1/CBX8/CDK9/CIB1/COPS6/COPS7A/EME1/ERCC2/GPS1/H4C1/H4C5/H4C9/HMGA1/HSF1/ISG15/MAGEF1/MDC1/MEN1/MMS19/MPG/MUTYH/NTHL1/PAGR1/PARP10/PARP4/PIAS4/PML/POLD2/POLR2E/POLR2F/POLR2G/POLR2J/POLR2L/PPP4C/PRMT6/RAD23A/RNASEH2A/RPA2/RUVBL2/SLX1A/SMARCAL1/STUB1/SWI5/TFPT/TIMELESS/TP73/UBB/UBE2L6/UBQLN4/UHRF1/USP28/XRCC1,54,1.5374105875985549,GO BP,BL_sporatic_MUT_down,U2932
GO:0097190,apoptotic signaling pathway,52/822,52,822,493/11678,493,11678,0.0020921352492628328,0.05824374452999585,0.05421180566810864,ARHGEF2/ARRB2/BAK1/BCL2/BCL2L12/CCAR2/CIB1/CIDEB/CUL1/DAP/DAPK3/DAXX/ERN1/FADD/FASTK/FIS1/GABARAP/GSK3A/HDAC1/HIP1/HRAS/HSPA1A/HSPA1B/MAPK7/MAZ/NCK2/NDUFA13/NMT1/NOC2L/PIAS4/PIH1D1/PLAGL2/PML/PPP1CA/PRKCA/PTPN1/PYCARD/RELA/RIPK3/SIVA1/STK11/STX4/STYXL1/TFPT/TP53BP2/TP73/TRADD/TRIB3/TRPS1/UBB/USP28/XBP1,52,1.4984873385548534,GO BP,BL_sporatic_MUT_down,U2932
GO:0048729,tissue morphogenesis,46/822,46,822,440/11678,440,11678,0.004363182040776113,0.09768073793787523,0.0909187626128391,ACTB/AP2A1/AP2M1/ARRB2/BCL2/CFL1/CSNK2B/DVL2/FKBPL/FUZ/FZD2/HBEGF/HEY2/ILK/MYC/PARD6A/PFN1/PML/PPP1CA/PRKACA/PSMA7/PSMB10/PSMB2/PSMB3/PSMB4/PSMB5/PSMB6/PSMB8/PSMB9/PSMC4/PSMC5/PSMD13/PSMD2/PSMD4/PSMD7/PSMD8/PSME1/PSME2/PSMF1/RARA/SH3BP1/SUFU/TIAM1/TIMELESS/TSC2/WDR1,46,1.485257686352577,GO BP,BL_sporatic_MUT_down,U2932
GO:0005839,proteasome core complex,10/844,10,844,18/12107,18,12107,6.729918478720989e-8,9.771841631102876e-6,8.656800401049526e-6,PSMA7/PSMB10/PSMB2/PSMB3/PSMB4/PSMB5/PSMB6/PSMB8/PSMB9/PSMF1,10,7.969325961032122,GO CC,BL_sporatic_MUT_down,U2932
GO:0022624,proteasome accessory complex,10/844,10,844,24/12107,24,12107,2.0500211075211407e-6,1.8603941550754353e-4,1.648109074599233e-4,ADRM1/PSMC4/PSMC5/PSMD13/PSMD2/PSMD4/PSMD7/PSMD8/PSME1/PSME2,10,5.976994470774091,GO CC,BL_sporatic_MUT_down,U2932
GO:0000502,proteasome complex,23/844,23,844,60/12107,60,12107,3.6462695328718264e-12,2.647191680864946e-9,2.3451270364049326e-9,ADRM1/PSMA7/PSMB10/PSMB2/PSMB3/PSMB4/PSMB5/PSMB6/PSMB8/PSMB9/PSMC4/PSMC5/PSMD13/PSMD2/PSMD4/PSMD7/PSMD8/PSME1/PSME2/PSMF1/RAD23A/UBQLN4/ZFAND2B,23,5.498834913112164,GO CC,BL_sporatic_MUT_down,U2932
GO:1905369,endopeptidase complex,23/844,23,844,66/12107,66,12107,3.63163613163849e-11,1.3182839157847718e-8,1.1678577244374303e-8,ADRM1/PSMA7/PSMB10/PSMB2/PSMB3/PSMB4/PSMB5/PSMB6/PSMB8/PSMB9/PSMC4/PSMC5/PSMD13/PSMD2/PSMD4/PSMD7/PSMD8/PSME1/PSME2/PSMF1/RAD23A/UBQLN4/ZFAND2B,23,4.998940830101968,GO CC,BL_sporatic_MUT_down,U2932
GO:1905368,peptidase complex,25/844,25,844,84/12107,84,12107,2.511994491774178e-10,6.07902667009351e-8,5.385363629733414e-8,ADRM1/PSMA7/PSMB10/PSMB2/PSMB3/PSMB4/PSMB5/PSMB6/PSMB8/PSMB9/PSMC4/PSMC5/PSMD13/PSMD2/PSMD4/PSMD7/PSMD8/PSME1/PSME2/PSMF1/RAD23A/SGF29/TAF12/UBQLN4/ZFAND2B,25,4.269281764838637,GO CC,BL_sporatic_MUT_down,U2932
GO:0000792,heterochromatin,16/844,16,844,69/12107,69,12107,1.5535927814475097e-5,0.001253231510367658,0.0011102282917712612,CBX1/CBX2/CBX8/CDKN2A/CENPB/EME1/HDAC1/HMGA1/HSF1/IKZF1/INCENP/PML/RING1/RNF20/RNF40/UHRF1,16,3.32632735764819,GO CC,BL_sporatic_MUT_down,U2932
GO:0071005,U2-type precatalytic spliceosome,11/844,11,844,50/12107,50,12107,5.341214890521132e-4,0.022130438613161454,0.019605187752126503,BUD13/DHX16/LSM2/LSM4/MFAP1/PRPF6/SF3A2/SF3B2/SF3B4/SNRPD2/ZMAT2,11,3.15585308056872,GO CC,BL_sporatic_MUT_down,U2932
GO:0071011,precatalytic spliceosome,11/844,11,844,52/12107,52,12107,7.600883928609184e-4,0.027661449751071106,0.02450506857750391,BUD13/DHX16/LSM2/LSM4/MFAP1/PRPF6/SF3A2/SF3B2/SF3B4/SNRPD2/ZMAT2,11,3.034474115931462,GO CC,BL_sporatic_MUT_down,U2932
GO:0097525,spliceosomal snRNP complex,12/844,12,844,58/12107,58,12107,5.486885606568956e-4,0.022130438613161454,0.019605187752126503,CD2BP2/DDX23/LSM2/LSM4/PRPF6/SART3/SF3A2/SF3B2/SNRPA/SNRPC/SNRPD2/ZMAT2,12,2.9678869096257556,GO CC,BL_sporatic_MUT_down,U2932
GO:0098803,respiratory chain complex,14/844,14,844,74/12107,74,12107,5.142600261530965e-4,0.022130438613161454,0.019605187752126503,COX6A1/COX6B1/COX8A/NDUFA11/NDUFA13/NDUFA2/NDUFA8/NDUFB10/NDUFB7/NDUFS5/NDUFS8/NDUFV1/UQCR10/UQCRQ,14,2.713878570513642,GO CC,BL_sporatic_MUT_down,U2932
GO:0030532,small nuclear ribonucleoprotein complex,12/844,12,844,64/12107,64,12107,0.0013746490260517195,0.03879766391773807,0.03437055626176304,CD2BP2/DDX23/LSM2/LSM4/PRPF6/SART3/SF3A2/SF3B2/SNRPA/SNRPC/SNRPD2/ZMAT2,12,2.689647511848341,GO CC,BL_sporatic_MUT_down,U2932
GO:0070469,respirasome,16/844,16,844,86/12107,86,12107,2.569985985757664e-4,0.015548415213833868,0.013774223134192395,COX6A1/COX6B1/COX8A/NDUFA11/NDUFA13/NDUFA2/NDUFA8/NDUFB10/NDUFB7/NDUFS5/NDUFS8/NDUFV1/SURF1/UQCR10/UQCR11/UQCRQ,16,2.6687975311363386,GO CC,BL_sporatic_MUT_down,U2932
GO:0000315,organellar large ribosomal subunit,10/844,10,844,57/12107,57,12107,0.005540582446075809,0.09810885014270822,0.08691388638131757,MRPL11/MRPL14/MRPL18/MRPL2/MRPL24/MRPL28/MRPL34/MRPL38/MRPL55/MRPS18A,10,2.5166292508522488,GO CC,BL_sporatic_MUT_down,U2932
GO:0005762,mitochondrial large ribosomal subunit,10/844,10,844,57/12107,57,12107,0.005540582446075809,0.09810885014270822,0.08691388638131757,MRPL11/MRPL14/MRPL18/MRPL2/MRPL24/MRPL28/MRPL34/MRPL38/MRPL55/MRPS18A,10,2.5166292508522488,GO CC,BL_sporatic_MUT_down,U2932
GO:0005746,mitochondrial respirasome,13/844,13,844,76/12107,76,12107,0.002114406959776955,0.052933084579243776,0.04689301823679564,COX6A1/NDUFA11/NDUFA13/NDUFA2/NDUFA8/NDUFB10/NDUFB7/NDUFS5/NDUFS8/NDUFV1/SURF1/UQCR10/UQCRQ,13,2.4537135195809427,GO CC,BL_sporatic_MUT_down,U2932
GO:0000313,organellar ribosome,14/844,14,844,87/12107,87,12107,0.0026293940057474075,0.05961467890653238,0.05281219198476336,MRPL11/MRPL14/MRPL18/MRPL2/MRPL24/MRPL28/MRPL34/MRPL38/MRPL55/MRPS12/MRPS18A/MRPS26/MRPS34/MTG1,14,2.308356485264477,GO CC,BL_sporatic_MUT_down,U2932
GO:0005761,mitochondrial ribosome,14/844,14,844,87/12107,87,12107,0.0026293940057474075,0.05961467890653238,0.05281219198476336,MRPL11/MRPL14/MRPL18/MRPL2/MRPL24/MRPL28/MRPL34/MRPL38/MRPL55/MRPS12/MRPS18A/MRPS26/MRPS34/MTG1,14,2.308356485264477,GO CC,BL_sporatic_MUT_down,U2932
GO:0030496,midbody,24/844,24,844,160/12107,160,12107,2.902633224144012e-4,0.016210090159450404,0.01436039595102827,AGAP2/ALKBH4/ARL3/ARL8A/AURKB/CCDC124/CHMP4A/CHMP4B/DCTN3/DTNBP1/EXOC2/EXOC3/GDI1/INCENP/KATNB1/KEAP1/MARK4/NUP62/PDXP/PIN1/PITPNM1/RAB8A/SEPTIN1/SEPTIN6,24,2.1517180094786728,GO CC,BL_sporatic_MUT_down,U2932
GO:0098800,inner mitochondrial membrane protein complex,16/844,16,844,107/12107,107,12107,0.0029287100165316772,0.06253657270594111,0.055400675544918114,COX6A1/DNAJC11/MICU1/NDUFA11/NDUFA13/NDUFA2/NDUFA8/NDUFB10/NDUFB7/NDUFS5/NDUFS8/NDUFV1/ROMO1/TIMM10/UQCR10/UQCRQ,16,2.1450148381095806,GO CC,BL_sporatic_MUT_down,U2932
GO:0005875,microtubule associated complex,18/844,18,844,121/12107,121,12107,0.0017571359798002368,0.04556002576196328,0.04036128134052424,ACTR1A/ACTR1B/AURKB/DCTN1/DCTN2/DCTN3/DNAL4/DYNLRB1/GABARAP/HAUS4/HAUS7/INCENP/KATNB1/KIF18B/KIF21B/KLC2/NDE1/DYNC2I2,18,2.133935216011907,GO CC,BL_sporatic_MUT_down,U2932
GO:0005743,mitochondrial inner membrane,55/844,55,844,409/12107,409,12107,1.7063188178667077e-6,1.7696963739588997e-4,0.00015677605980700127,ACADVL/AURKAIP1/CCDC51/COA3/COQ9/COX5B/COX6A1/COX6B1/COX8A/DNAJC11/ENDOG/ERAL1/FDXR/FPGS/GOT2/MICU1/MRPL11/MRPL14/MRPL18/MRPL2/MRPL24/MRPL28/MRPL34/MRPL38/MRPL55/MRPS12/MRPS18A/MRPS26/MRPS34/MTG1/NDUFA11/NDUFA13/NDUFA2/NDUFA8/NDUFB10/NDUFB7/NDUFS5/NDUFS8/NDUFV1/PTPN1/ROMO1/SCO2/SLC25A1/SLC25A22/SLC25A28/SLC25A42/STOML2/SURF1/TIMM10/TIMM13/TYMS/UCP2/UQCR10/UQCR11/UQCRQ,55,1.9290055504698782,GO CC,BL_sporatic_MUT_down,U2932
GO:0098798,mitochondrial protein complex,31/844,31,844,232/12107,232,12107,3.4894480646591815e-4,0.018095280678161182,0.016030471936141055,COX6A1/DNAJC11/MICU1/MRPL11/MRPL14/MRPL18/MRPL2/MRPL24/MRPL28/MRPL34/MRPL38/MRPL55/MRPS12/MRPS18A/MRPS26/MRPS34/MTX1/NDUFA11/NDUFA13/NDUFA2/NDUFA8/NDUFB10/NDUFB7/NDUFS5/NDUFS8/NDUFV1/ROMO1/TIMM10/TIMM13/UQCR10/UQCRQ,31,1.916760295799967,GO CC,BL_sporatic_MUT_down,U2932
GO:0019866,organelle inner membrane,60/844,60,844,455/12107,455,12107,1.1086968504607343e-6,1.3415231890574885e-4,1.1884452204061557e-4,ACADVL/AURKAIP1/CCDC51/COA3/COQ9/COX5B/COX6A1/COX6B1/COX8A/DNAJC11/EMD/ENDOG/ERAL1/ERN1/FDXR/FPGS/GOT2/LMNB2/MICU1/MRPL11/MRPL14/MRPL18/MRPL2/MRPL24/MRPL28/MRPL34/MRPL38/MRPL55/MRPS12/MRPS18A/MRPS26/MRPS34/MTG1/NDUFA11/NDUFA13/NDUFA2/NDUFA8/NDUFB10/NDUFB7/NDUFS5/NDUFS8/NDUFV1/P2RX5/PTPN1/ROMO1/SCO2/SLC25A1/SLC25A22/SLC25A28/SLC25A42/STOML2/SURF1/TIMM10/TIMM13/TMEM120A/TYMS/UCP2/UQCR10/UQCR11/UQCRQ,60,1.8916202281131191,GO CC,BL_sporatic_MUT_down,U2932
GO:0005759,mitochondrial matrix,51/844,51,844,427/12107,427,12107,1.0368862544310247e-4,0.006843449279244763,0.006062559822558433,ACADVL/ACO2/ACSF2/ADPRS/BCAT2/BLOC1S1/CCAR2/CLPP/COASY/ECI1/ERAL1/FASTK/FDX2/FDXR/FLAD1/FPGS/GCDH/GOT2/HSD17B8/IDH2/IDH3G/IVD/MDH2/MPG/MRPL11/MRPL14/MRPL18/MRPL2/MRPL24/MRPL28/MRPL34/MRPL38/MRPL55/MRPS12/MRPS18A/MRPS26/MRPS34/MTG1/NDUFS8/NUDT2/OGDH/PARS2/PCK2/PRDX5/PTPN1/PYCR1/PYCR2/SCO2/SDHAF1/STYXL1/TYMS,51,1.713311763987702,GO CC,BL_sporatic_MUT_down,U2932
GO:0005874,microtubule,40/844,40,844,340/12107,340,12107,7.620234091204162e-4,0.027661449751071106,0.02450506857750391,ARHGEF2/ARL3/AURKB/CALM3/CDK5/DCTN1/DCTN2/DCTN3/DCXR/DNAL4/DYNLRB1/EMD/ENKD1/FKBP4/GABARAP/GSK3A/HAUS4/HAUS7/INCENP/KATNB1/KIF18B/KIF21B/KLC2/MAP2K2/MAP3K11/MID1IP1/NDE1/NUDC/NUMA1/ODF2/PARP4/RGS14/SEPTIN9/TBCB/TIAM1/TMEM214/TTLL1/TUBA1B/TUBB/TUBG1,40,1.687621968218567,GO CC,BL_sporatic_MUT_down,U2932
GO:0005938,cell cortex,27/844,27,844,230/12107,230,12107,0.005317330849032114,0.09810885014270822,0.08691388638131757,ACTB/ACTR1A/CFL1/CTBP1/DCTN1/EMD/EXOC2/EXOC3/FLOT2/FMNL1/GYPC/HAX1/HCLS1/LLGL1/MAEA/MYL12B/NRBP1/NUMA1/PARD6A/PFN1/PPP1R9B/RHOG/SEPTIN1/SEPTIN6/SEPTIN9/SH3BP1/WDR1,27,1.683953224809396,GO CC,BL_sporatic_MUT_down,U2932
GO:0005819,spindle,37/844,37,844,318/12107,318,12107,0.0014452433703359489,0.038860988402366625,0.03442665494250546,ARHGEF2/ARL3/ARL8A/AURKB/CALM3/CBX1/CDC25B/DCTN1/DCTN3/EMD/ERCC2/ESPL1/FAM110A/HAUS4/HAUS7/HSF1/IKBKG/INCENP/KATNB1/KIF18B/MAEA/MAP7D1/MMS19/MZT2B/NDE1/NUBP2/NUMA1/NUP62/ODF2/PARP4/POC1A/RANGAP1/RGS14/SAC3D1/SEPTIN6/TUBG1/WRAP73,37,1.66904751259352,GO CC,BL_sporatic_MUT_down,U2932
GO:0015629,actin cytoskeleton,43/844,43,844,384/12107,384,12107,0.001343887961663647,0.03879766391773807,0.03437055626176304,ACTB/ACTR1A/ACTR1B/ADD1/ARHGEF2/ARPC1A/ARPC1B/BIN1/CAPZB/CFL1/DAPK3/DCTN2/DCTN3/DUSP22/FERMT3/FHOD1/FLII/FLOT2/GABARAP/HAX1/HCLS1/ILK/KEAP1/LLGL1/LSP1/MAEA/MARK2/MSRB1/MYL12A/MYL12B/MYL6/MYL6B/MYO1G/PDXP/PPP1R9B/RARA/SEPTIN9/SH3GL1/STOML2/TWF2/VPS18/WASF2/WDR1,43,1.606317264020537,GO CC,BL_sporatic_MUT_down,U2932
GO:0098793,presynapse,36/844,36,844,331/12107,331,12107,0.005140135747440966,0.09810885014270822,0.08691388638131757,ACTB/AP3D1/ATP6V0D1/BIN1/CAD/CALM3/CDK5/CTBP1/DTNBP1/EXOC3/FLOT2/FXR2/GIT1/GOT1/GRAP/HIP1/ILK/MX1/NAPA/PPP1CA/RAB11B/RAB35/RAB40C/RAB8A/RABAC1/RNF40/SEPTIN1/SEPTIN6/SGTA/SH3GL1/SNAP47/SNAPIN/STX10/STX4/STXBP2/VPS18,36,1.5601580733380107,GO CC,BL_sporatic_MUT_down,U2932
GO:0099513,polymeric cytoskeletal fiber,50/844,50,844,465/12107,465,12107,0.001389448019092548,0.03879766391773807,0.03437055626176304,ACTB/ARHGEF2/ARL3/AURKB/CALM3/CDK5/DAPK3/DCTN1/DCTN2/DCTN3/DCXR/DNAL4/DUSP22/DYNLRB1/EMD/ENKD1/FKBP4/GABARAP/GSK3A/HAUS4/HAUS7/HCLS1/INCENP/KATNB1/KEAP1/KIF18B/KIF21B/KLC2/LDLRAP1/LMNB2/MAP2K2/MAP3K11/MARK2/MID1IP1/NDE1/NUDC/NUMA1/ODF2/PARP4/RGS14/SEPTIN9/TBCB/TIAM1/TMEM214/TTLL1/TUBA1B/TUBB/TUBG1/TWF2/VPS18,50,1.5424501860062172,GO CC,BL_sporatic_MUT_down,U2932
GO:0048156,tau protein binding,10/848,10,848,39/11985,39,11985,2.870895067599486e-4,0.061383259899531195,0.05716120531277575,ACTB/BIN1/CDK5/DCTN1/FKBP4/GSK3A/MARK2/MARK4/PIN1/STUB1,10,3.623911465892598,GO MF,BL_sporatic_MUT_down,U2932
GO:0031593,polyubiquitin modification-dependent protein binding,10/848,10,848,42/11985,42,11985,5.474888489059082e-4,0.061383259899531195,0.05716120531277575,IKBKG/PARP10/PSMD4/RAD23A/SHARPIN/TNIP1/UBL7/UBQLN4/UBXN1/ZFAND2B,10,3.36506064690027,GO MF,BL_sporatic_MUT_down,U2932
GO:0043130,ubiquitin binding,13/848,13,848,73/11985,73,11985,0.00165577047535547,0.09510331667822981,0.08856193397789455,ADRM1/CKS1B/IKBKG/MARK4/NUP62/RAD23A/RNF185/RNF31/SHARPIN/TOLLIP/UBE2L6/UBXN1/ZFAND2B,13,2.51688097699664,GO MF,BL_sporatic_MUT_down,U2932
GO:0031072,heat shock protein binding,18/848,18,848,109/11985,109,11985,6.01141827090077e-4,0.061383259899531195,0.05716120531277575,BAK1/CDK5/DAXX/DNAJB1/ERN1/FKBP4/HSF1/HSPA1A/HSPA1B/HSPA6/MVD/NUP62/PDXP/STIP1/STUB1/TSC2/UNC45A/USP19,18,2.333931971611563,GO MF,BL_sporatic_MUT_down,U2932
GO:0047485,protein N-terminus binding,16/848,16,848,97/11985,97,11985,0.001200942092610255,0.08489736793144803,0.07905796933539574,BANF1/CALM3/DAXX/ERCC2/EXOC2/HAX1/HDAC1/HSPA1A/HSPA1B/MEN1/PEX14/RELA/RPA2/RPS21/SGF29/ZWINT,16,2.3312585100175065,GO MF,BL_sporatic_MUT_down,U2932
GO:0140030,modification-dependent protein binding,21/848,21,848,136/11985,136,11985,5.567902535566811e-4,0.061383259899531195,0.05716120531277575,BRD3/CBX2/CBX8/CDYL/CXXC1/DAXX/IKBKG/ING4/KDM4A/PARP10/PML/PSMD4/RAD23A/SGF29/SHARPIN/TNIP1/UBL7/UBQLN4/UBXN1/UHRF1/ZFAND2B,21,2.1823408018867925,GO MF,BL_sporatic_MUT_down,U2932
GO:0003713,transcription coactivator activity,31/848,31,848,229/11985,229,11985,3.576384220193627e-4,0.061383259899531195,0.05716120531277575,APEX1/BRD8/CCAR2/DAXX/DRAP1/EDF1/GPS2/HMGA1/HTATIP2/ING4/JMJD6/LPIN2/MED16/MMS19/MPND/NFKBIB/PMF1/PQBP1/PRMT2/PRPF6/RFXANK/RIPK3/RNF20/SMARCB1/SMARCC2/TAF12/TAF6/TAF6L/THRAP3/WBP2/WDR77,31,1.9132353547005025,GO MF,BL_sporatic_MUT_down,U2932
GO:0060090,molecular adaptor activity,34/848,34,848,269/11985,269,11985,6.80456018874258e-4,0.06253390813454432,0.058232709825765464,AP1G2/AP2A1/AP2M1/ARRB2/BET1L/CDYL/CIB1/DVL2/ERCC2/FKBP4/HIP1/LAMTOR1/LAMTOR2/LAMTOR4/LDLRAP1/MAP2K2/MEN1/MMS19/NAPA/NCK2/NUP62/PEF1/RGS14/SEPTIN1/SEPTIN6/SEPTIN9/SGTA/SNAP47/STUB1/STX10/STX4/TEX261/TRADD/VPS18,34,1.7863593322578382,GO MF,BL_sporatic_MUT_down,U2932
GO:0046982,protein heterodimerization activity,31/848,31,848,249/11985,249,11985,0.001473429644009529,0.09027212285631714,0.08406303863717525,ADD1/BAK1/BCL2/CENPT/DRAP1/FXR2/HIP1/H2AC15/H2BC7/H2BC15/H3C4/H3C11/H4C1/H4C5/H4C9/HSF1/IKBKG/KATNB1/MICU1/MLX/PEF1/PIK3R2/PSMF1/SUPT5H/TAF12/TAF6/TAF6L/TRMT112/USF1/USF2/XBP1,31,1.7595618322345987,GO MF,BL_sporatic_MUT_down,U2932
